-- --------------------------------------------------------
-- Host:                         127.0.0.1
-- Versión del servidor:         11.1.2-MariaDB - mariadb.org binary distribution
-- SO del servidor:              Win64
-- HeidiSQL Versión:             12.3.0.6589
-- --------------------------------------------------------

/*!40101 SET @OLD_CHARACTER_SET_CLIENT=@@CHARACTER_SET_CLIENT */;
/*!40101 SET NAMES utf8 */;
/*!50503 SET NAMES utf8mb4 */;
/*!40103 SET @OLD_TIME_ZONE=@@TIME_ZONE */;
/*!40103 SET TIME_ZONE='+00:00' */;
/*!40014 SET @OLD_FOREIGN_KEY_CHECKS=@@FOREIGN_KEY_CHECKS, FOREIGN_KEY_CHECKS=0 */;
/*!40101 SET @OLD_SQL_MODE=@@SQL_MODE, SQL_MODE='NO_AUTO_VALUE_ON_ZERO' */;
/*!40111 SET @OLD_SQL_NOTES=@@SQL_NOTES, SQL_NOTES=0 */;


-- Volcando estructura de base de datos para proyecto2
CREATE DATABASE IF NOT EXISTS `proyecto2` /*!40100 DEFAULT CHARACTER SET utf8mb4 COLLATE utf8mb4_general_ci */;
USE `proyecto2`;

-- Volcando estructura para tabla proyecto2.administradores
CREATE TABLE IF NOT EXISTS `administradores` (
  `id_administrador` int(11) NOT NULL AUTO_INCREMENT,
  `id_rol` int(11) DEFAULT NULL,
  `nombre` varchar(50) NOT NULL,
  `contraseña` varchar(100) NOT NULL,
  PRIMARY KEY (`id_administrador`),
  KEY `rol_id` (`id_rol`),
  CONSTRAINT `administradores_ibfk_1` FOREIGN KEY (`id_rol`) REFERENCES `roles` (`id_rol`) ON DELETE CASCADE
) ENGINE=InnoDB AUTO_INCREMENT=4 DEFAULT CHARSET=utf8mb4 COLLATE=utf8mb4_general_ci;

-- Volcando datos para la tabla proyecto2.administradores: ~3 rows (aproximadamente)
INSERT INTO `administradores` (`id_administrador`, `id_rol`, `nombre`, `contraseña`) VALUES
	(1, 1, 'angel', 'admin'),
	(2, 1, 'Andrew', 'admin2'),
	(3, 1, 'Fabri', 'admin3');

-- Volcando estructura para tabla proyecto2.categorias
CREATE TABLE IF NOT EXISTS `categorias` (
  `id_categoria` int(11) NOT NULL AUTO_INCREMENT,
  `nombre_categoria` varchar(100) NOT NULL,
  PRIMARY KEY (`id_categoria`)
) ENGINE=InnoDB AUTO_INCREMENT=6 DEFAULT CHARSET=utf8mb4 COLLATE=utf8mb4_general_ci;

-- Volcando datos para la tabla proyecto2.categorias: ~5 rows (aproximadamente)
INSERT INTO `categorias` (`id_categoria`, `nombre_categoria`) VALUES
	(1, 'Bebidas'),
	(2, 'Abarrotes'),
	(3, 'Limpieza'),
	(4, 'Mascotas'),
	(5, 'Frescos');

-- Volcando estructura para tabla proyecto2.clientes
CREATE TABLE IF NOT EXISTS `clientes` (
  `id_cliente` int(11) NOT NULL AUTO_INCREMENT,
  `id_rol` int(11) DEFAULT NULL,
  `cedula` varchar(20) NOT NULL,
  `nombre` varchar(50) NOT NULL,
  `primer_apellido` varchar(50) NOT NULL,
  `segundo_apellido` varchar(50) DEFAULT NULL,
  `telefono` varchar(15) DEFAULT NULL,
  `correo` varchar(100) NOT NULL,
  `contraseña` varchar(255) DEFAULT NULL,
  `fecha_registro` timestamp NULL DEFAULT current_timestamp(),
  PRIMARY KEY (`id_cliente`),
  UNIQUE KEY `cedula` (`cedula`),
  UNIQUE KEY `correo` (`correo`),
  KEY `id_rol` (`id_rol`),
  CONSTRAINT `clientes_ibfk_1` FOREIGN KEY (`id_rol`) REFERENCES `roles` (`id_rol`) ON DELETE SET NULL
) ENGINE=InnoDB AUTO_INCREMENT=14 DEFAULT CHARSET=utf8mb4 COLLATE=utf8mb4_general_ci;

-- Volcando datos para la tabla proyecto2.clientes: ~12 rows (aproximadamente)
INSERT INTO `clientes` (`id_cliente`, `id_rol`, `cedula`, `nombre`, `primer_apellido`, `segundo_apellido`, `telefono`, `correo`, `contraseña`, `fecha_registro`) VALUES
	(1, 2, '208650882', 'Deivis', 'Jimenez', 'Montero', '89482317', 'deivisjm@gmail.com', '1', '2024-11-04 16:27:02'),
	(2, 2, '209930478', 'Pedro', 'Rodriguez', 'Salas', '89635875', 'carosa@gmail.com', '2', '2024-11-04 16:27:02'),
	(3, 2, '302550101', 'Ana', 'Barrantes', 'Arce', '63112587', 'anbarce@gmail.com', '3', '2024-11-04 16:27:02'),
	(4, 2, '603250890', 'Nicole', 'Torres', 'Blanco', '72489636', 'nitobl@gmail.com', '4', '2024-11-04 16:27:02'),
	(5, 2, '505520114', 'Cristina', 'Gonzalez', 'Catro', '63987545', 'crisgonca@gmail.com', '5', '2024-11-04 16:27:02'),
	(6, 2, '501470369', 'Priscilla', 'Lopez', 'Chacon', '88897451', 'prislocha@gmail.com', '6', '2024-11-04 16:27:02'),
	(7, 2, '103210951', 'Katherine', 'Alfaro', 'Villalobos', '75855210', 'kaalfavi@gmail.com', '7', '2024-11-04 16:27:02'),
	(8, 2, '405240193', 'Justin', 'Hernandez', 'Hidalgo', '85569330', 'jusherhi@gmail.com', '8', '2024-11-04 16:27:02'),
	(9, 2, '608760456', 'Belen', 'Camacho', 'Mora', '74855200', 'bchamo@gmail.com', '9', '2024-11-04 16:27:02'),
	(10, 2, '208550619', 'LuisDiego', 'Chavala', 'Gonzales', '70939586', 'cahavla@gmail.com', '10', '2024-11-04 16:27:02'),
	(11, 2, '208690635', 'Andrew', 'Montero', 'Gamboa', '89635241', 'andrew@gmail.com', '11', '2024-11-04 16:27:02'),
	(12, 2, '26538950', 'Julian', 'hernandez', 'jimenez', '89657412', 'julian@gmail.com', '12', '2024-11-04 16:27:02');

-- Volcando estructura para tabla proyecto2.compras
CREATE TABLE IF NOT EXISTS `compras` (
  `id_compra` int(11) NOT NULL AUTO_INCREMENT,
  `fecha` date NOT NULL,
  `monto_total` decimal(10,2) NOT NULL,
  `id_cliente` int(11) NOT NULL,
  `id_detalle_compra` int(11) DEFAULT NULL,
  PRIMARY KEY (`id_compra`),
  KEY `fk_compras_cliente` (`id_cliente`),
  KEY `fk_compras_detalle_compra` (`id_detalle_compra`),
  CONSTRAINT `fk_compras_cliente` FOREIGN KEY (`id_cliente`) REFERENCES `clientes` (`id_cliente`),
  CONSTRAINT `fk_compras_detalle_compra` FOREIGN KEY (`id_detalle_compra`) REFERENCES `detalle_compra` (`id_detalle_compra`)
) ENGINE=InnoDB DEFAULT CHARSET=utf8mb4 COLLATE=utf8mb4_general_ci;

-- Volcando datos para la tabla proyecto2.compras: ~0 rows (aproximadamente)

-- Volcando estructura para tabla proyecto2.detalle_compra
CREATE TABLE IF NOT EXISTS `detalle_compra` (
  `id_detalle_compra` int(11) NOT NULL AUTO_INCREMENT,
  `id_compra` int(11) NOT NULL,
  `id_producto` int(11) NOT NULL,
  `cantidad` int(11) NOT NULL,
  `monto` decimal(10,2) NOT NULL,
  PRIMARY KEY (`id_detalle_compra`),
  KEY `fk_detalle_compra_compra` (`id_compra`),
  KEY `fk_detalle_compra_producto` (`id_producto`),
  CONSTRAINT `fk_detalle_compra_compra` FOREIGN KEY (`id_compra`) REFERENCES `compras` (`id_compra`),
  CONSTRAINT `fk_detalle_compra_producto` FOREIGN KEY (`id_producto`) REFERENCES `productos` (`id_producto`)
) ENGINE=InnoDB DEFAULT CHARSET=utf8mb4 COLLATE=utf8mb4_general_ci;

-- Volcando datos para la tabla proyecto2.detalle_compra: ~0 rows (aproximadamente)

-- Volcando estructura para tabla proyecto2.marcas
CREATE TABLE IF NOT EXISTS `marcas` (
  `id` int(11) NOT NULL,
  `nombre` varchar(100) NOT NULL,
  PRIMARY KEY (`id`)
) ENGINE=InnoDB DEFAULT CHARSET=utf8mb4 COLLATE=utf8mb4_general_ci;

-- Volcando datos para la tabla proyecto2.marcas: ~21 rows (aproximadamente)
INSERT INTO `marcas` (`id`, `nombre`) VALUES
	(0, '0'),
	(1002, 'KatyCat'),
	(1003, 'Cadbury'),
	(1004, 'Bonny'),
	(1005, 'Budweiser'),
	(1006, 'Frito-Lay'),
	(1007, 'Kraft'),
	(1008, 'Burberry'),
	(1009, 'Ayudin'),
	(1010, 'Mimosa'),
	(1011, 'Kanú'),
	(1012, 'Kolynos'),
	(1013, 'Ryvita'),
	(1014, 'Evian'),
	(1015, 'Dasani'),
	(1016, 'Cheerios'),
	(1017, 'Indomie'),
	(1018, 'Alpura'),
	(1019, 'Argal'),
	(1020, 'ElPozo'),
	(1021, 'Pinto');

-- Volcando estructura para tabla proyecto2.productos
CREATE TABLE IF NOT EXISTS `productos` (
  `id_producto` int(11) NOT NULL AUTO_INCREMENT,
  `id_categoria` int(11) DEFAULT NULL,
  `id_subcategoria` int(11) DEFAULT NULL,
  `id_proveedor` int(11) DEFAULT NULL,
  `marca` int(11) DEFAULT NULL,
  `nombre` varchar(100) NOT NULL,
  `descripcion` text DEFAULT NULL,
  `precio` decimal(10,2) NOT NULL,
  `peso` varchar(50) DEFAULT NULL,
  `imagen` varchar(255) DEFAULT NULL,
  `cantidad` int(11) NOT NULL,
  `fecha_creacion` timestamp NULL DEFAULT current_timestamp(),
  PRIMARY KEY (`id_producto`),
  KEY `fk_productos_categoria` (`id_categoria`,`id_subcategoria`) USING BTREE,
  KEY `fk_proveedor` (`id_proveedor`),
  KEY `fk_subcategoria` (`id_subcategoria`),
  KEY `fk_marca` (`marca`),
  CONSTRAINT `fk_marca` FOREIGN KEY (`marca`) REFERENCES `marcas` (`id`),
  CONSTRAINT `fk_productos_categoria` FOREIGN KEY (`id_categoria`) REFERENCES `categorias` (`id_categoria`) ON DELETE SET NULL,
  CONSTRAINT `fk_proveedor` FOREIGN KEY (`id_proveedor`) REFERENCES `proveedor` (`id`),
  CONSTRAINT `fk_subcategoria` FOREIGN KEY (`id_subcategoria`) REFERENCES `subcategorias` (`id_subcategoria`)
) ENGINE=InnoDB AUTO_INCREMENT=450 DEFAULT CHARSET=utf8mb4 COLLATE=utf8mb4_general_ci;

-- Volcando datos para la tabla proyecto2.productos: ~449 rows (aproximadamente)
INSERT INTO `productos` (`id_producto`, `id_categoria`, `id_subcategoria`, `id_proveedor`, `marca`, `nombre`, `descripcion`, `precio`, `peso`, `imagen`, `cantidad`, `fecha_creacion`) VALUES
	(1, 6, 20, 12, 0, 'BISTEC LOMO', '', 6468.00, '1 KG', '/Imagenes/Frescos/Bistec lomo 1KG 6468.jpg', 100, '2024-11-04 21:12:07'),
	(2, 6, 20, 12, 0, 'Costilla especial', '', 5181.00, '1 KG', '/Imagenes/Frescos/Costilla especial de res 1KG 5181.jpg', 100, '2024-11-04 21:12:07'),
	(3, 6, 20, 12, 0, 'BISTEC DE RES ADOBADO', '', 8449.00, '1 KG', '/Imagenes/Frescos/Bisteck de res adobado 1KG 8449.jpg', 100, '2024-11-04 21:12:07'),
	(4, 6, 20, 12, 0, 'COSTILLA ESPECIAL DE RES', '', 5181.00, '1 KG', '/Imagenes/Frescos/Costilla especial de res 1KG 5181.jpg', 100, '2024-11-04 21:12:07'),
	(5, 6, 20, 12, 0, 'HIGADO DE RES', '', 2759.00, '1 KG', '/Imagenes/Frescos/Higado de res 1KG 2759.jpg', 100, '2024-11-04 21:12:07'),
	(6, 6, 20, 12, 0, 'LENGUA DE RES', '', 11692.00, '1 KG', '/Imagenes/Frescos/Lengua de res 1KG 11692.jpg', 100, '2024-11-04 21:12:07'),
	(7, 6, 20, 12, 0, 'LOMO ANCHO', '', 9864.00, '1 KG', '/Imagenes/Frescos/Lomo ancho 1KG 9864.jpg', 100, '2024-11-04 21:12:07'),
	(8, 6, 20, 12, 0, 'LOMITO DE RES AL VACIO', '', 15908.00, '1 KG', '/Imagenes/Frescos/Lomito de res al vacio 1KG 15908.jpg', 100, '2024-11-04 21:12:07'),
	(9, 6, 20, 12, 0, 'MANO DE PIEDRA AHUMADA', '', 5989.00, '1 KG', '/Imagenes/Frescos/Mano de piedra ahumada 1KG.jpg', 100, '2024-11-04 21:12:07'),
	(10, 6, 20, 12, 0, 'MONDONGO DE RES', '', 3204.00, '1 KG', '/Imagenes/Frescos/Mondongo de res 1KG 3204.jpg', 100, '2024-11-04 21:12:07'),
	(11, 6, 20, 12, 0, 'POSTA MOLIDA PREMIUM', '', 6595.00, '1 KG', '/Imagenes/Frescos/Posta molida premium 1KG 6595.jpg', 100, '2024-11-04 21:12:07'),
	(12, 2, 7, 20, 0, 'ARROZ BLANCO', '', 1500.00, '1 KG', '/Imagenes/Abarrotes/arroz_blanco.jpg', 100, '2024-11-04 21:15:12'),
	(13, 2, 7, 20, 0, 'FRIJOLES NEGROS', '', 2000.00, '500 G', '/Imagenes/Abarrotes/frijoles_negros.jpg', 100, '2024-11-04 21:15:12'),
	(14, 2, 7, 20, 0, 'HARINA DE MAIZ', '', 1200.00, '1 KG', '/Imagenes/Abarrotes/harina_maiz.jpg', 100, '2024-11-04 21:15:12'),
	(15, 2, 7, 20, 0, 'SALSA DE TOMATE', '', 650.00, '220 ML', '/Imagenes/Abarrotes/salsa_tomate.jpg', 100, '2024-11-04 21:15:12'),
	(16, 1, 4, 3, 0, 'ARIZONA MUCHO MANGO', '', 700.00, '458 ML', '/Imagenes/Bebidas/ArizonaMuchoMango 458ml.jpg', 100, '2024-11-04 21:16:43'),
	(17, 1, 4, 3, 0, 'ARIZONA DE SANDIA', '', 700.00, '458 ML', '/Imagenes/Bebidas/ArizonaSandia 458ml.jpg', 100, '2024-11-04 21:16:43'),
	(18, 1, 4, 3, 0, 'ARIZONA TE VERDE CON MIEL Y GINSENG', '', 700.00, '458 ML', '/Imagenes/Bebidas/ArizonaTeVerdeConMielyGinseng 458ml.jpg', 100, '2024-11-04 21:16:43'),
	(19, 1, 4, 3, 0, 'JUGO DE MANZANA', '', 1500.00, '1000 ML', '/Imagenes/Bebidas/DosPinosJugoDeManzana 1000ml.jpg', 100, '2024-11-04 21:16:43'),
	(20, 1, 4, 3, 0, 'JUGO DE NARANJA', '', 1100.00, '1000 ML', '/Imagenes/Bebidas/DosPinosJugoDeNaranja 1000ml.jpg', 100, '2024-11-04 21:16:43'),
	(21, 1, 4, 3, 0, 'JUGO DE NARANJA', '', 1800.00, '2200 ML', '/Imagenes/Bebidas/DosPinosJugoDeNaranja 2200ml.jpg', 100, '2024-11-04 21:16:43'),
	(22, 1, 4, 3, 0, 'JUGO DE NARANJA', '', 500.00, '250 ML', '/Imagenes/Bebidas/JugoDosPinosDeNaranja 250ml.jpg', 100, '2024-11-04 21:16:43'),
	(23, 1, 4, 3, 0, 'HI-C DE LIMON', '', 390.00, '250 ML', '/Imagenes/Bebidas/JugoHi-CDeDeLimon 330ml.jpg', 100, '2024-11-04 21:16:43'),
	(24, 1, 4, 3, 0, 'HI-C DE FRUTAS', '', 390.00, '250 ML', '/Imagenes/Bebidas/JugoHi-CDeFrutas 250ml.jpg', 100, '2024-11-04 21:16:43'),
	(25, 1, 4, 3, 0, 'HI-C DE MELOCOTON', '', 390.00, '250 ML', '/Imagenes/Bebidas/JugoHi-CDeMelocoton 250ml.jpg', 100, '2024-11-04 21:16:43'),
	(26, 1, 4, 3, 0, 'HI-C DE PERA', '', 390.00, '250 ML', '/Imagenes/Bebidas/JugoHi-CDePera 250ml.jpg', 100, '2024-11-04 21:16:43'),
	(27, 1, 4, 3, 0, 'HI-C DE UVA', '', 390.00, '250 ML', '/Imagenes/Bebidas/JugoHi-CDeUva 250ml.jpg', 100, '2024-11-04 21:16:43'),
	(28, 1, 4, 3, 0, 'HI-C DE MANZANA', '', 390.00, '250 ML', '/Imagenes/Bebidas/JugoHi-cDeManzana 250ml.jpg', 100, '2024-11-04 21:16:43'),
	(29, 1, 4, 3, 0, 'TROPICAL TE VERDE DE MANZANA VERDE', '', 525.00, '500 ML', '/Imagenes/Bebidas/TropicalTeVerdeDeManzanaVerde 500ml.jpg', 100, '2024-11-04 21:16:43'),
	(30, 1, 4, 3, 0, 'WELCHITO DE UVA', '', 800.00, '250 ML', '/Imagenes/Bebidas/WelchitoDeUva 200ml.jpg', 100, '2024-11-04 21:16:43'),
	(31, 1, 4, 3, 0, 'TAMPICO', '', 1250.00, '2500 ML', '/Imagenes/Bebidas/JugoTampico 2500ml.jpg', 100, '2024-11-04 21:16:43'),
	(32, 1, 4, 3, 0, 'TAMPICO', '', 373.00, '250 ML', '/Imagenes/Bebidas/JugoTampico 250ml.jpg', 100, '2024-11-04 21:16:43'),
	(33, 1, 4, 3, 0, 'TROPICAL DE FRUTAS', '', 1000.00, '1000 ML', '/Imagenes/Bebidas/TropicalDeFrutas 1000ml.jpg', 100, '2024-11-04 21:16:43'),
	(34, 1, 4, 3, 0, 'TROPICAL DE MANGO', '', 500.00, '350 ML', '/Imagenes/Bebidas/TropicalDeMango 350ml.jpg', 100, '2024-11-04 21:16:43'),
	(35, 1, 4, 3, 0, 'TROPICAL DE MANZANA', '', 500.00, '350 ML', '/Imagenes/Bebidas/TropicalDeManzana 350ml.jpg', 100, '2024-11-04 21:16:43'),
	(36, 1, 4, 3, 0, 'TROPICAL TE BLANCO', '', 998.00, '1000 ML', '/Imagenes/Bebidas/TropicalTeBlanco 1000ml.jpg', 100, '2024-11-04 21:16:43'),
	(37, 5, 17, 7, 0, 'SHAMPOO DE COCO PARA PERRO', '', 15000.00, '2 L', '/Imagenes/Mascotas/Champu de Coco.jpg', 100, '2024-11-04 21:21:21'),
	(38, 5, 17, 7, 0, 'SHAMPOO PARA GATO', '', 6000.00, '1 L', '/Imagenes/Mascotas/Champu para Gto.jpg', 100, '2024-11-04 21:21:21'),
	(39, 5, 17, 7, 0, 'SHAMPOO PARA PERRO', '', 8000.00, '1 L', '/Imagenes/Mascotas/ChampuCan.jpg', 100, '2024-11-04 21:21:21'),
	(40, 5, 17, 7, 0, 'COMBO DE LIMPIEZA PARA GATOS', '', 2000.00, '90 ML', '/Imagenes/Mascotas/ComboKAt.jpg', 100, '2024-11-04 21:21:21'),
	(41, 5, 17, 7, 0, 'SHAMPOO PARA GATOS', '', 10000.00, '1 L', '/Imagenes/Mascotas/Easygrodom.jpg', 100, '2024-11-04 21:21:21'),
	(42, 5, 17, 7, 0, 'FREGADERA REDONDA PARA MASCOTAS', '', 2000.00, '100 MG', '/Imagenes/Mascotas/Fregadera Redonda.jpg', 100, '2024-11-04 21:21:21'),
	(43, 5, 17, 7, 0, 'FREGADERA PARA GATOS', '', 7000.00, '700 MG', '/Imagenes/Mascotas/Fregadera para gatos.jpg', 100, '2024-11-04 21:21:21'),
	(44, 5, 17, 7, 0, 'GUANTE RASCADOR PARA GATOS', '', 2000.00, '170 MG', '/Imagenes/Mascotas/Guante Rascador.jpg', 100, '2024-11-04 21:21:21'),
	(45, 5, 17, 7, 0, 'LAVA PATITAS', '', 2800.00, '100 MG', '/Imagenes/Mascotas/Lava patitas.jpg', 100, '2024-11-04 21:21:21'),
	(46, 5, 17, 7, 0, 'LOTION KAT', '', 7000.00, '700 ML', '/Imagenes/Mascotas/LocionKat.jpg', 100, '2024-11-04 21:21:21'),
	(47, 5, 17, 7, 0, 'PALA PARA RECOGER EXCREMENTO', '', 1000.00, '100 MG', '/Imagenes/Mascotas/Pala.jpg', 100, '2024-11-04 21:21:21'),
	(48, 5, 17, 7, 0, 'TINA AZUL PARA MASCOTAS', '', 7000.00, '500 MG', '/Imagenes/Mascotas/Tina Azul.jpg', 100, '2024-11-04 21:21:21'),
	(49, 5, 17, 7, 0, 'TINA PARA HAMSTERS', '', 3000.00, '200 MG', '/Imagenes/Mascotas/Tinita.jpg', 100, '2024-11-04 21:21:21'),
	(50, 5, 17, 7, 0, 'CEPILLO PARA PEINAR HAMSTERS', '', 2000.00, '100 MG', '/Imagenes/Mascotas/Zapillito.jpg', 100, '2024-11-04 21:21:21'),
	(51, 5, 17, 7, 0, 'CEPILLO DENTAL PARA PERROS', '', 3000.00, '50 MG', '/Imagenes/Mascotas/Zapillo.jpg', 100, '2024-11-04 21:21:21'),
	(52, 5, 17, 7, 0, 'CEPILLO QUITA PELO PARA GATO', '', 2000.00, '100 MG', '/Imagenes/Mascotas/Zepillo Azul.jpg', 100, '2024-11-04 21:21:21'),
	(53, 5, 17, 7, 0, 'CEPILLO PARA EL CUIDADO DE HAMSTERS', '', 4000.00, '200 MG', '/Imagenes/Mascotas/Zeppillito azul.jpg', 100, '2024-11-04 21:21:21'),
	(54, 2, 8, 9, 0, 'ACEITE DOROFRIT', '', 2430.00, '1600 ML', '/Imagenes/Abarrotes/Aceite Dorofrit5 .jpg', 100, '2024-11-04 21:22:59'),
	(55, 2, 8, 9, 0, 'ACEITE CLOVER', '', 2330.00, '1500 ML', '/Imagenes/Abarrotes/Aceite clover.jpg', 100, '2024-11-04 21:22:59'),
	(56, 2, 8, 9, 0, 'ACEITE DE MAIZ', '', 2200.00, '900 ML', '/Imagenes/Abarrotes/Aceite de maiz y girasol.jpg', 100, '2024-11-04 21:22:59'),
	(57, 2, 8, 9, 0, 'ACEITE DE SUYA SULI', '', 1650.00, '700 ML', '/Imagenes/Abarrotes/Aceite de soya.jpg', 100, '2024-11-04 21:22:59'),
	(58, 2, 8, 9, 0, 'ACEITE PEREX', '', 1258.00, '700 ML', '/Imagenes/Abarrotes/Aceite perex .jpg', 100, '2024-11-04 21:22:59'),
	(59, 2, 8, 9, 0, 'ACEITE SULI', '', 4000.00, '2600 ML', '/Imagenes/Abarrotes/Aceite suli.jpg', 100, '2024-11-04 21:22:59'),
	(60, 2, 8, 9, 0, 'ACEITE DE SOYA IDEAL', '', 2500.00, '1500 ML', '/Imagenes/Abarrotes/Aceite-Ideal-Soya.jpg', 100, '2024-11-04 21:22:59'),
	(61, 2, 8, 9, 0, 'ACEITE MAZOLA', '', 3000.00, '1500 ML', '/Imagenes/Abarrotes/snacks chips.jpg', 100, '2024-11-04 21:22:59'),
	(62, 2, 8, 9, 0, 'ACEITE MEVI', '', 6000.00, '250 ML', '/Imagenes/Abarrotes/Aceite-Mevi-Oil-Aguacate-Xtra-Virgen-250ml-1-35334.jpg', 100, '2024-11-04 21:22:59'),
	(63, 2, 8, 9, 0, 'ACEITE CORONA', '', 3450.00, '1000 ML', '/Imagenes/Abarrotes/Corona_Aceite.jpg', 100, '2024-11-04 21:22:59'),
	(64, 2, 8, 9, 0, 'MANTECA GRISCO', '', 4580.00, '484 G', '/Imagenes/Abarrotes/Manteca grisco.jpg', 100, '2024-11-04 21:22:59'),
	(65, 2, 8, 9, 0, 'MANTECA VEGETAL', '', 650.00, '460 G', '/Imagenes/Abarrotes/Manteca vegetal.jpg', 100, '2024-11-04 21:22:59'),
	(66, 2, 8, 9, 0, 'MANTECA FR CERDO', '', 4000.00, '220 G', '/Imagenes/Abarrotes/snacks chips.jpg', 100, '2024-11-04 21:22:59'),
	(67, 2, 8, 9, 0, 'MANTECA CLOVER', '', 930.00, '250 G', '/Imagenes/Abarrotes/Manteca_Clover.jpg', 100, '2024-11-04 21:22:59'),
	(68, 2, 8, 9, 0, 'MANTEQUILLA', '', 250.00, '24 G', '/Imagenes/Abarrotes/Manteca_Clover.jpg', 100, '2024-11-04 21:22:59'),
	(69, 2, 8, 9, 0, 'ACEITE COOPEGROPAL', '', 1300.00, '1200 ML', '/Imagenes/Abarrotes/aceite coopeagropal.png', 100, '2024-11-04 21:22:59'),
	(70, 2, 8, 9, 0, 'ACEITE DE OLIVA', '', 11650.00, '3200 ML', '/Imagenes/Abarrotes/aceite de oliva.jpg', 100, '2024-11-04 21:22:59'),
	(71, 2, 8, 9, 0, 'ACEITE SULI', '', 12000.00, '5000 ML', '/Imagenes/Abarrotes/aceite5000ml.png', 100, '2024-11-04 21:22:59'),
	(72, 2, 8, 9, 0, 'ACEITE ESPA', '', 1450.00, '450 ML', '/Imagenes/Abarrotes/aceiteESP450ml-960x960.png', 100, '2024-11-04 21:22:59'),
	(73, 2, 8, 9, 0, 'ACEITE CAPULLO', '', 2490.00, '450 ML', '/Imagenes/Abarrotes/snacks chips.jpg', 100, '2024-11-04 21:22:59'),
	(74, 2, 8, 9, 0, 'MANTECA MAZOLE', '', 806.00, '424 G', '/Imagenes/Abarrotes/manteca mazole.jpg', 100, '2024-11-04 21:22:59'),
	(75, 2, 8, 9, 0, 'ACEITE OLI', '', 850.00, '1800 ML', '/Imagenes/Abarrotes/aceiteoli.jpg', 100, '2024-11-04 21:22:59'),
	(76, 6, 22, 15, 0, 'AGUACATE', '', 2395.00, '1 KG', '/Imagenes/Frescos/Aguacate 1KG 2395.jpg', 100, '2024-11-04 21:24:41'),
	(77, 6, 22, 15, 0, 'ARANDANOS BANDEJAS', '', 1765.00, '125 G', '/Imagenes/Frescos/Arandanos bandeja 125G 1765.jpg', 100, '2024-11-04 21:24:41'),
	(78, 6, 22, 15, 0, 'BANANO CRIOLLO', '', 65.00, '1 UND', '/Imagenes/Frescos/Banano criollo 1 UND 65.jpg', 100, '2024-11-04 21:24:41'),
	(79, 6, 22, 15, 0, 'CIRUELA', '', 4412.00, '1 KG', '/Imagenes/Frescos/Ciruela 1KG 4412.jpg', 100, '2024-11-04 21:24:41'),
	(80, 6, 22, 15, 0, 'FRESA BANDEJA', '', 1110.00, '250 G', '/Imagenes/Frescos/Fresa bandeja 250G 1110.jpg', 100, '2024-11-04 21:24:41'),
	(81, 6, 22, 15, 0, 'GRANADILLA', '', 335.00, '1 UND', '/Imagenes/Frescos/Granadilla 1 UND 335.jpg', 100, '2024-11-04 21:24:41'),
	(82, 6, 22, 15, 0, 'LIMON ACIDO', '', 91.00, '1 UND', '/Imagenes/Frescos/Limon acido 1 UND 91.jpg', 100, '2024-11-04 21:24:41'),
	(83, 6, 22, 15, 0, 'KIWI', '', 3119.00, '1 KG', '/Imagenes/Frescos/Kiwi 1KG 3119.jpg', 100, '2024-11-04 21:24:41'),
	(84, 6, 22, 15, 0, 'GUAYABA', '', 1895.00, '1 KG', '/Imagenes/Frescos/Guayaba 1KG 1895.jpg', 100, '2024-11-04 21:24:41'),
	(85, 6, 22, 15, 0, 'MANDARINA', '', 2365.00, '1 KG', '/Imagenes/Frescos/Mandarina 1KG 2365.jpg', 100, '2024-11-04 21:24:41'),
	(86, 6, 22, 15, 0, 'MANGA', '', 2980.00, '1 KG', '/Imagenes/Frescos/Manga 1KG 1107.jpg', 100, '2024-11-04 21:24:41'),
	(87, 6, 22, 15, 0, 'MANZANA EMPACADA MIXTA', '', 1350.00, '6 UND', '/Imagenes/Frescos/Manzana empacada mixta 6 UND 1350.jpg', 100, '2024-11-04 21:24:41'),
	(88, 6, 22, 15, 0, 'MANZANA GALA', '', 534.00, '1 UND', '/Imagenes/Frescos/Manzana gala 1 UND 534 .jpg', 100, '2024-11-04 21:24:41'),
	(89, 6, 22, 15, 0, 'MANZANA EMPACADA', '', 2250.00, '10 UND', '/Imagenes/Frescos/Manzana gala empacada 10 UND 2250.jpg', 100, '2024-11-04 21:24:41'),
	(90, 6, 22, 15, 0, 'MANZANA GRANNY', '', 950.00, '6 UND', '/Imagenes/Frescos/Manzana granny 6 UND 950.jpg', 100, '2024-11-04 21:24:41'),
	(91, 6, 22, 15, 0, 'MELOCOTON', '', 4655.00, '1 KG', '/Imagenes/Frescos/Melocoton 1KG 4655.jpg', 100, '2024-11-04 21:24:41'),
	(92, 6, 22, 15, 0, 'MELON', '', 847.00, '1 UND', '/Imagenes/Frescos/Melon 1 UND 847.jpg', 100, '2024-11-04 21:24:41'),
	(93, 6, 22, 15, 0, 'NARANJA', '', 1850.00, '1 KG', '/Imagenes/Frescos/Naranja 1KG 1850.jpg', 100, '2024-11-04 21:24:41'),
	(94, 6, 22, 15, 0, 'NARANJA MALLA', '', 1670.00, '1 KG', '/Imagenes/Frescos/Naranja malla 1670.jpg', 100, '2024-11-04 21:24:41'),
	(95, 6, 22, 15, 0, 'PAPAYA', '', 456.00, '1 KG', '/Imagenes/Frescos/Papaya 1KG 456.jpg', 100, '2024-11-04 21:24:41'),
	(96, 6, 22, 15, 0, 'PERA', '', 480.00, '1 UND', '/Imagenes/Frescos/Pera 1 UND 480.jpg', 100, '2024-11-04 21:24:41'),
	(97, 6, 22, 15, 0, 'PERA EMPACADA', '', 1200.00, '6 UND', '/Imagenes/Frescos/Pera empacada 6 UND 1200.jpg', 100, '2024-11-04 21:24:41'),
	(98, 3, 14, 16, 0, 'CEPILLITO CONTRASTE COCINA', '', 1341.00, '1 UND', '/Imagenes/Limpieza/CEPILLITO CONTRASTE LOLA PARA COCINA 1 UND 1341.jpeg', 100, '2024-11-04 21:26:51'),
	(99, 3, 14, 16, 0, 'CEPILLO BETTANIN NOVICA DURO', '', 1522.00, '1 UND', '/Imagenes/Limpieza/CEPILLO BETTANIN NOVICA DURO ADAPT PLÁSTICO 1 UND 1522.jpeg', 100, '2024-11-04 21:26:51'),
	(100, 3, 14, 16, 0, 'CEPILLO CONTRASTE LOLA MULTIUSO', '', 1739.00, '1 UND', '/Imagenes/Limpieza/CEPILLO CONTRASTE LOLA MULTIUSO ANATÓMICO 1 UND 1739.jpeg', 100, '2024-11-04 21:26:51'),
	(101, 3, 14, 16, 0, 'CEPILLO ETERNA DURO #8 PLÁSTICO', '', 750.00, '1 UND', '/Imagenes/Limpieza/CEPILLO ETERNA DURO #8 PLÁSTICO 1 UND 750.jpeg', 100, '2024-11-04 21:26:51'),
	(102, 3, 14, 16, 0, 'CEPILLO ETERNA DURO PARA PISO', '', 2100.00, '1 UND', '/Imagenes/Limpieza/CEPILLO ETERNA DURO PARA PISO 1 UND 2100.jpeg', 100, '2024-11-04 21:26:51'),
	(103, 3, 14, 16, 0, 'CEPILLO ETERNA HISOPO', '', 792.00, '1 UND', '/Imagenes/Limpieza/CEPILLO ETERNA HISOPO PARA BOTELLA 1 UND 792.jpeg', 100, '2024-11-04 21:26:51'),
	(104, 3, 14, 16, 0, 'CEPILLO ETERNA MULTIUSO', '', 1804.00, '1 UND', '/Imagenes/Limpieza/CEPILLO ETERNA LECHERO MULTIUSO PLÁSTICO 1 UND 1804.jpeg', 100, '2024-11-04 21:26:51'),
	(105, 3, 14, 16, 0, 'CUERDA MULTIUSO TENDEDERO', '', 487.00, '1 UND', '/Imagenes/Limpieza/CUERDA CONTRASTE MULTIUSO PARA TENDEDERO 10 M 1 UND 487.jpeg', 100, '2024-11-04 21:26:51'),
	(106, 3, 14, 16, 0, 'DESTUPIDOR ETERNA INODORO', '', 1474.00, '1 UND', '/Imagenes/Limpieza/DESTUPIDOR ETERNA PARA INODORO 1 UND 1474.jpeg', 100, '2024-11-04 21:26:51'),
	(107, 3, 14, 16, 0, 'ESCOBA ETERNA PARA CIELOS', '', 4497.00, '1 UND', '/Imagenes/Limpieza/ESCOBA ETERNA PARA CIELOS CON PALO 1 UND 4497.jpeg', 100, '2024-11-04 21:26:51'),
	(108, 3, 14, 16, 0, 'ESCOBITA ETERNA', '', 781.00, '1 UND', '/Imagenes/Limpieza/ESCOBITA ETERNA 1 UND 781.jpeg', 100, '2024-11-04 21:26:51'),
	(109, 3, 14, 16, 0, 'ESCOBON NOVICA', '', 3848.00, '1 UND', '/Imagenes/Limpieza/ESCOBON BETTANIN NOVICA CON PALO METALICO 1 UND 3848.jpeg', 100, '2024-11-04 21:26:51'),
	(110, 3, 14, 16, 0, 'GUANTE CONTRASTE MULTIUSO', '', 1511.00, '1 UND', '/Imagenes/Limpieza/GUANTE CONTRASTE MULTIUSO TALLA M 1 UND 1511.jpeg', 100, '2024-11-04 21:26:51'),
	(111, 3, 14, 16, 0, 'GUANTE SCOTCH BRITE MULTIUSO', '', 1658.00, '1 UND', '/Imagenes/Limpieza/GUANTE SCOTCH BRITE MULTIUSO TALLA G AROMA LIMÓN 1 UND 1658.jpeg', 100, '2024-11-04 21:26:51'),
	(112, 3, 14, 16, 0, 'GUANTE SCOTCH BRITE PARA COCINA', '', 1606.00, '1 UND', '/Imagenes/Limpieza/GUANTE SCOTCH BRITE PARA COCINA TALLA M AROMA LIMÓN 1 und 1606.jpeg', 100, '2024-11-04 21:26:51'),
	(113, 3, 14, 16, 0, 'MECHA SUPER MECHA PARA PISO #30', '', 1449.00, '1 UND', '/Imagenes/Limpieza/MECHA SUPER MECHA PARA PISO #30 1 UND 1449.jpeg', 100, '2024-11-04 21:26:51'),
	(114, 3, 14, 16, 0, 'PALA BETTANIN NOVICA PLÁSTICA', '', 2387.00, '1 UND', '/Imagenes/Limpieza/PALA BETTANIN NOVICA PLÁSTICA PARA BASURA 1 UND 2387.jpeg', 100, '2024-11-04 21:26:51'),
	(115, 3, 14, 16, 0, 'PALA ETERNA PLÁSTICA PARA BASURA', '', 1561.00, '1 UND', '/Imagenes/Limpieza/PALA ETERNA PLÁSTICA PARA BASURA 1 UND 1561.jpeg', 100, '2024-11-04 21:26:51'),
	(116, 3, 14, 16, 0, 'TRAPEADOR ETERNA #20', '', 2562.00, '1 UND', '/Imagenes/Limpieza/TRAPEADOR ETERNA #20 COTTON SUPER ABOSRVENTE 1 UND 2562.jpeg', 100, '2024-11-04 21:26:51'),
	(117, 1, 5, 4, 0, '7 UP', '', 1688.00, '3000 ML', '/Imagenes/Bebidas/7up 3000ml.jpg', 100, '2024-11-04 21:28:16'),
	(118, 1, 5, 4, 0, '7 UP', '', 850.00, '600 ML', '/Imagenes/Bebidas/7up 600ml.jpg', 100, '2024-11-04 21:28:16'),
	(119, 1, 5, 4, 0, 'CANADA DRY CLUB SODA', '', 1677.00, '2000 ML', '/Imagenes/Bebidas/CanadaDryClubSoda 2000ml.jpg', 100, '2024-11-04 21:28:16'),
	(120, 1, 5, 4, 0, 'CANADA DRY CLUB SODA', '', 864.00, '600 ML', '/Imagenes/Bebidas/CanadaDryClubSoda 600ml.jpg', 100, '2024-11-04 21:28:16'),
	(121, 1, 5, 4, 0, 'CANADA DRY GINGER ALE', '', 1322.00, '1500 ML', '/Imagenes/Bebidas/CanadaDryGingerAle 1500ml.jpg', 100, '2024-11-04 21:28:16'),
	(122, 1, 5, 4, 0, 'CANADA DRY GINGER ALE', '', 2338.00, '3000 ML', '/Imagenes/Bebidas/CanadaDryGingerAle 3000ml.jpg', 100, '2024-11-04 21:28:16'),
	(123, 1, 5, 4, 0, 'CANADA DRY GINGER ALE', '', 864.00, '600 ML', '/Imagenes/Bebidas/CanadaDryGingerAle 600ml.jpg', 100, '2024-11-04 21:28:16'),
	(124, 1, 5, 4, 0, 'COCA COLA', '', 1322.00, '1500 ML', '/Imagenes/Bebidas/CocaCola 1500ml.jpg', 100, '2024-11-04 21:28:16'),
	(125, 1, 5, 4, 0, 'COCA COLA', '', 2035.00, '3000 ML', '/Imagenes/Bebidas/CocaCola 3000ml.jpg', 100, '2024-11-04 21:28:16'),
	(126, 1, 5, 4, 0, 'COCA COLA', '', 864.00, '600 ML', '/Imagenes/Bebidas/CocaCola 600ml.jpg', 100, '2024-11-04 21:28:16'),
	(127, 1, 5, 4, 0, 'COCA COLA ZERO', '', 1400.00, '2500 ML', '/Imagenes/Bebidas/CocaColaCero 2500ml.jpg', 100, '2024-11-04 21:28:16'),
	(128, 1, 5, 4, 0, 'COCA COLA ZERO', '', 1100.00, '350 ML', '/Imagenes/Bebidas/CocaColaCero 355ml.jpg', 100, '2024-11-04 21:28:16'),
	(129, 1, 5, 4, 0, 'COCA COLA CHERRY LATA', '', 864.00, '350 ML', '/Imagenes/Bebidas/CocaColaCherry 350ml.jpg', 100, '2024-11-04 21:28:16'),
	(130, 1, 5, 4, 0, 'COCA COLA RETORNABLE', '', 1472.00, '2500 ML', '/Imagenes/Bebidas/CocaColaRetornable 2500ml.jpg', 100, '2024-11-04 21:28:16'),
	(131, 1, 5, 4, 0, 'FANTA KOLITA', '', 1100.00, '1500 ML', '/Imagenes/Bebidas/FantaKolita 1500ml.jpg', 100, '2024-11-04 21:28:16'),
	(132, 1, 5, 4, 0, 'FANTA NARANJA', '', 1200.00, '1500 ML', '/Imagenes/Bebidas/FantaNaranja 1500ml.jpg', 100, '2024-11-04 21:28:16'),
	(133, 1, 5, 4, 0, 'FANTA NARANJA', '', 600.00, '355 ML', '/Imagenes/Bebidas/FantaNaranja 355ml.jpg', 100, '2024-11-04 21:28:16'),
	(134, 1, 5, 4, 0, 'FANTA UVA', '', 2000.00, '2500 ML', '/Imagenes/Bebidas/FantaUva 2500ml.jpg', 100, '2024-11-04 21:28:16'),
	(135, 1, 5, 4, 0, 'FANTA UVA', '', 600.00, '355 ML', '/Imagenes/Bebidas/FantaUva 355ml.jpg', 100, '2024-11-04 21:28:16'),
	(136, 1, 5, 4, 0, 'FRESCA TORONJA', '', 2100.00, '3000 ML', '/Imagenes/Bebidas/FrescaToronja 3000ml.jpg', 100, '2024-11-04 21:28:16'),
	(137, 1, 5, 4, 0, 'FRESCA TORONJA', '', 850.00, '600 ML', '/Imagenes/Bebidas/FrescaToronja 600ml.jpg', 100, '2024-11-04 21:28:16'),
	(138, 1, 5, 4, 0, 'PEPSI', '', 860.00, '600 ML', '/Imagenes/Bebidas/Pepsi 600ml.jpg', 100, '2024-11-04 21:28:16'),
	(139, 1, 5, 4, 0, 'PEPSI', '', 2000.00, '3000 ML', '/Imagenes/Bebidas/Pepsi 3000ml.jpg', 100, '2024-11-04 21:28:16'),
	(140, 1, 5, 4, 0, 'SPRITE', '', 1050.00, '600 ML', '/Imagenes/Bebidas/Sprite 600ml.jpg', 100, '2024-11-04 21:28:16'),
	(141, 1, 5, 6, 0, 'SPRITE', '', 2600.00, '3000 ML', '/Imagenes/Bebidas/Sprite 3000ml.jpg', 100, '2024-11-04 21:28:16'),
	(142, 5, 15, 6, 0, 'ALIMENTO PARA GATOS -ALCAT-', '', 4000.00, '1 KG', '/Imagenes/Mascotas/ALCAT.jpg', 100, '2024-11-04 21:29:50'),
	(143, 5, 15, 6, 0, 'ALIMENTO PARA PERRO -CANTTO-', '', 10000.00, '10 KG', '/Imagenes/Mascotas/Cantto.jpg', 100, '2024-11-04 21:29:50'),
	(144, 5, 15, 6, 0, 'ALIMENTO PARA GATO -DONKAT-', '', 14000.00, '7 KG', '/Imagenes/Mascotas/Dontkat.jpg', 100, '2024-11-04 21:29:50'),
	(145, 5, 15, 6, 0, 'ALIMENTO PARA HAMSTER -DROPS-', '', 4000.00, '2 KG', '/Imagenes/Mascotas/Drops.jpg', 100, '2024-11-04 21:29:50'),
	(146, 5, 15, 6, 0, 'ALIMENTO PARA HAMSTER -EXTRUSION-', '', 3000.00, '2 KG', '/Imagenes/Mascotas/Extrusion.jpg', 100, '2024-11-04 21:29:50'),
	(147, 5, 15, 6, 0, 'ALIMENTO PARA HAMSTER -GOBAYES-', '', 10000.00, '10 KG', '/Imagenes/Mascotas/GOBAYES.jpg', 100, '2024-11-04 21:29:50'),
	(148, 5, 15, 6, 0, 'ALIMENTO PARA GATOS -GATI-', '', 11000.00, '4 KG', '/Imagenes/Mascotas/Gati.jpg', 100, '2024-11-04 21:29:50'),
	(149, 5, 15, 6, 0, 'ALIMENTO PARA HAMSTER -HAMSTER PRO-', '', 6000.00, '3 KG', '/Imagenes/Mascotas/HamsterPro.jpg', 100, '2024-11-04 21:29:50'),
	(150, 5, 15, 6, 0, 'ALIMENTO PARA HAMSTER -HANSALI-', '', 8000.00, '7 KG', '/Imagenes/Mascotas/HansAli.jpg', 100, '2024-11-04 21:29:50'),
	(151, 5, 15, 6, 0, 'ALIMENTO PARA HAMSTER -KIKI-', '', 2000.00, '1 KG', '/Imagenes/Mascotas/KIKI.jpg', 100, '2024-11-04 21:29:50'),
	(152, 5, 15, 6, 0, 'ALIMENTO PARA HAMSTER -KANTE-', '', 2000.00, '2 KG', '/Imagenes/Mascotas/Kante.jpg', 100, '2024-11-04 21:29:50'),
	(153, 5, 15, 6, 0, 'ALIMENTO PARA GATOS -MANTENANCE CAT-', '', 4000.00, '2 KG', '/Imagenes/Mascotas/Mantenance Cat.jpg', 100, '2024-11-04 21:29:50'),
	(154, 5, 15, 6, 0, 'ALIMENTO PARA HAMSTER -MAZURI-', '', 5000.00, '1 KG', '/Imagenes/Mascotas/Mazuri.jpg', 100, '2024-11-04 21:29:50'),
	(155, 5, 15, 6, 0, 'ALIMENTO PARA GATOS -MEGAKAT-', '', 3000.00, '1 KG', '/Imagenes/Mascotas/MegaKat.jpg', 100, '2024-11-04 21:29:50'),
	(156, 5, 15, 6, 0, 'ALIMENTO PARA GATOS -MEOW MIX-', '', 4000.00, '2 KG', '/Imagenes/Mascotas/Meow Mix.jpg', 100, '2024-11-04 21:29:50'),
	(157, 5, 15, 6, 0, 'ALIMENTO PARA HAMSTER -POTSH-', '', 4000.00, '2 KG', '/Imagenes/Mascotas/Potsh.jpg', 100, '2024-11-04 21:29:50'),
	(158, 5, 15, 6, 0, 'ALIMENTO PARA GATOS -PROCAT-', '', 7000.00, '3 KG', '/Imagenes/Mascotas/ProCat.jpg', 100, '2024-11-04 21:29:50'),
	(159, 5, 15, 8, 0, 'ALIMENTO PARA GATO -WHISKAS-', '', 12000.00, '8 KG', '/Imagenes/Mascotas/Whiskas.jpg', 100, '2024-11-04 21:29:50'),
	(160, 2, 9, 8, 0, 'BARQUILLOS DE VAINILLA', '', 1300.00, '10 G', '/Imagenes/Abarrotes/BARQUILLOS-VAINILLA.jpg', 100, '2024-11-04 21:31:25'),
	(161, 2, 9, 8, 0, 'BOQUITA KITTY SURTIDA MIX', '', 2000.00, '560 G', '/Imagenes/Abarrotes/Boquita-Kitty-Surtida-Mix.jpg', 100, '2024-11-04 21:31:25'),
	(162, 2, 9, 8, 0, 'CHIRULITOS', '', 300.00, '100 G', '/Imagenes/Abarrotes/Chirulitos sabor a salsa.jpg', 100, '2024-11-04 21:31:25'),
	(163, 2, 9, 8, 0, 'CHOKIS CHISPAS CHOCOLATE', '', 750.00, '325 G', '/Imagenes/Abarrotes/Chokis Chispas Chocolate.jpg', 100, '2024-11-04 21:31:25'),
	(164, 2, 9, 8, 0, 'GALLETA BEST', '', 725.00, '189 G', '/Imagenes/Abarrotes/Galleta Best.jpg', 100, '2024-11-04 21:31:25'),
	(165, 2, 9, 8, 0, 'GALLETA MARIA', '', 300.00, '300 G', '/Imagenes/Abarrotes/Galleta Maria.jpg', 100, '2024-11-04 21:31:25'),
	(166, 2, 9, 8, 0, 'GALLETA DE MANTEQUILLA', '', 450.00, '325 G', '/Imagenes/Abarrotes/Galleta de Mantequilla.jpg', 100, '2024-11-04 21:31:25'),
	(167, 2, 9, 8, 0, 'GALLETA CRACKETS', '', 450.00, '186 G', '/Imagenes/Abarrotes/Galletas Crackets.jpg', 100, '2024-11-04 21:31:25'),
	(168, 2, 9, 8, 0, 'MENEITOS', '', 300.00, '125 G', '/Imagenes/Abarrotes/Meneito queso.png', 100, '2024-11-04 21:31:25'),
	(169, 2, 9, 8, 0, 'PICARITAS JACKS JAPALAPEÑAS', '', 300.00, '27 G', '/Imagenes/Abarrotes/PICARITAS JACKS JALAPEÑAS.jpg', 100, '2024-11-04 21:31:25'),
	(170, 2, 9, 8, 0, 'PICARITAS BARBACOA', '', 300.00, '27 G', '/Imagenes/Abarrotes/Picaritas barbacoa.jpg', 100, '2024-11-04 21:31:25'),
	(171, 2, 9, 8, 0, 'PICARONAS DE QUESO', '', 450.00, '150 G', '/Imagenes/Abarrotes/Picaronas.jpg', 100, '2024-11-04 21:31:25'),
	(172, 2, 9, 8, 0, 'PRO TEORADITOS', '', 675.00, '90 G', '/Imagenes/Abarrotes/Pro Toreaditos Maíz .jpg', 100, '2024-11-04 21:31:25'),
	(173, 2, 9, 8, 0, 'QUESITOS', '', 250.00, '30 G', '/Imagenes/Abarrotes/Quesitos.jpg', 100, '2024-11-04 21:31:25'),
	(174, 2, 9, 8, 0, 'RANCHITAS DE QUESO', '', 200.00, '25 G', '/Imagenes/Abarrotes/Ranchitas .jpg', 100, '2024-11-04 21:31:25'),
	(175, 2, 9, 8, 0, 'TAQUERITOS', '', 375.00, '37 G', '/Imagenes/Abarrotes/Taqueritos.jpg', 100, '2024-11-04 21:31:25'),
	(176, 2, 9, 8, 0, 'SORBETO TOSH', '', 450.00, '100 G', '/Imagenes/Abarrotes/Tosh.png', 100, '2024-11-04 21:31:25'),
	(177, 2, 9, 8, 0, 'GALLETAS CANASTA', '', 675.00, '167 G', '/Imagenes/Abarrotes/canasta-tubo galletas.png', 100, '2024-11-04 21:31:25'),
	(178, 2, 9, 8, 0, 'GALLETA OREO', '', 725.00, '325 G', '/Imagenes/Abarrotes/chocolate-oreo galleta.jpg', 100, '2024-11-04 21:31:25'),
	(179, 2, 9, 8, 0, 'GALLETAS COCANAS', '', 2200.00, '316 G', '/Imagenes/Abarrotes/galletas cocanas.jpg', 100, '2024-11-04 21:31:25'),
	(180, 2, 9, 8, 0, 'GALLETAS RECREO', '', 400.00, '200 G', '/Imagenes/Abarrotes/galletas-pozuelo.png', 100, '2024-11-04 21:31:25'),
	(181, 2, 9, 8, 0, 'GALLETAS SURTIDAS', '', 545.00, '850 G', '/Imagenes/Abarrotes/galletas-surtidas.png', 100, '2024-11-04 21:31:25'),
	(182, 2, 9, 8, 0, 'GALLETON', '', 550.00, '500 G', '/Imagenes/Abarrotes/galleton.gif', 100, '2024-11-04 21:31:25'),
	(183, 2, 9, 8, 0, 'GALLETAS MANTES', '', 350.00, '175 G', '/Imagenes/Abarrotes/mantes.gif', 100, '2024-11-04 21:31:25'),
	(184, 2, 9, 8, 0, 'GALLETAS MANTECAS', '', 350.00, '180 G', '/Imagenes/Abarrotes/mantecas.jpg', 100, '2024-11-04 21:31:25'),
	(185, 1, 1, 1, 0, 'BAM BOO MOJITO LATA', '', 900.00, '350 ML', '/Imagenes/Bebidas/BEBIDA ALCOHÓLICA BAM BOO MOJITO LATA 350 ML.jpg', 100, '2024-11-04 21:33:10'),
	(186, 1, 1, 1, 0, 'BAM BOO RON & COLA LATA', '', 900.00, '350 ML', '/Imagenes/Bebidas/BEBIDA ALCOHÓLICA BAM BOO RON & COLA LATA 473 ml.jpg', 100, '2024-11-04 21:33:10'),
	(187, 1, 1, 1, 0, 'CUBA LIBRE RON & COLA LATA 350 ML', '', 1000.00, '350 ML', '/Imagenes/Bebidas/BEBIDA ALCOHÓLICA CUBA LIBRE RON & COLA LATA 350 ML.jpg', 100, '2024-11-04 21:33:10'),
	(188, 1, 1, 1, 0, 'SMIRNOFF BLACK ICE LATA', '', 1100.00, '350 ML', '/Imagenes/Bebidas/BEBIDA ALCOHÓLICA SMIRNOFF BLACK ICE LATA 350 ML.jpg', 100, '2024-11-04 21:33:10'),
	(189, 1, 1, 1, 0, 'SMIRNOFF ICE GREEN APPLE BITE LATA', '', 1100.00, '350 ML', '/Imagenes/Bebidas/BEBIDA ALCOHÓLICA SMIRNOFF ICE GREEN APPLE BITE LATA 350 ML.jpg', 100, '2024-11-04 21:33:10'),
	(190, 1, 1, 1, 0, 'SMIRNOFF ICE LATA', '', 1100.00, '350 ML', '/Imagenes/Bebidas/BEBIDA ALCOHÓLICA SMIRNOFF ICE LATA 350 ML.jpg', 100, '2024-11-04 21:33:10'),
	(191, 1, 1, 1, 0, 'SMIRNOFF ICE RASPBERRY CRUSH LATA', '', 1100.00, '350 ML', '/Imagenes/Bebidas/BEBIDA ALCOHÓLICA SMIRNOFF ICE RASPBERRY CRUSH  LATA 350 ML.jpg', 100, '2024-11-04 21:33:10'),
	(192, 1, 1, 1, 0, 'CERVEZA BAVARIA GOLD LATA', '', 950.00, '350 ML', '/Imagenes/Bebidas/CERVEZA BAVARIA GOLD LATA 350 ML.jpg', 100, '2024-11-04 21:33:10'),
	(193, 1, 1, 1, 0, 'CERVEZA BAVARIA MASTERS EDITION LATA', '', 950.00, '350 ML', '/Imagenes/Bebidas/CERVEZA BAVARIA MASTERS EDITION LATA 350 ML.jpg', 100, '2024-11-04 21:33:10'),
	(194, 1, 1, 1, 0, 'CERVEZA BOHEMIA LAGER LATA', '', 630.00, '350 ML', '/Imagenes/Bebidas/CERVEZA BOHEMIA LAGER LATA 350 ML.jpg', 100, '2024-11-04 21:33:10'),
	(195, 1, 1, 1, 0, 'CERVEZA HEINEKEN LAGER PREMIUM LATA', '', 991.00, '355 ML', '/Imagenes/Bebidas/CERVEZA HEINEKEN LAGER PREMIUM LATA 355 ML.jpg', 100, '2024-11-04 21:33:10'),
	(196, 1, 1, 1, 0, 'CERVEZA IMPERIAL LATA', '', 965.00, '350 ML', '/Imagenes/Bebidas/CERVEZA IMPERIAL LATA 350 ml.jpg', 100, '2024-11-04 21:33:10'),
	(197, 1, 1, 1, 0, 'CERVEZA IMPERIAL SILVER BOTELLA', '', 1500.00, '1000 ML', '/Imagenes/Bebidas/CERVEZA IMPERIAL SILVER BOTELLA 1000 ML.jpg', 100, '2024-11-04 21:33:10'),
	(198, 1, 1, 1, 0, 'CERVEZA IMPERIAL SILVER LATA', '', 965.00, '350 ML', '/Imagenes/Bebidas/CERVEZA IMPERIAL SILVER LATA 350 ML.jpg', 100, '2024-11-04 21:33:10'),
	(199, 1, 1, 1, 0, 'CERVEZA IMPERIAL ULTRA LATA', '', 965.00, '600 ML', '/Imagenes/Bebidas/CERVEZA IMPERIAL ULTRA LATA 350 ML.jpg', 100, '2024-11-04 21:33:10'),
	(200, 1, 1, 1, 0, 'CERVEZA LIGHT BAVARIA LATA', '', 950.00, '350 ML', '/Imagenes/Bebidas/CERVEZA LIGHT BAVARIA LATA 350 ML.jpg', 100, '2024-11-04 21:33:10'),
	(201, 1, 1, 1, 0, 'CERVEZA MICELE BOTELLA', '', 1500.00, '1000 ML', '/Imagenes/Bebidas/CERVEZA MICELE BOTELLA 1000 ML.jpg', 100, '2024-11-04 21:33:10'),
	(202, 1, 1, 1, 0, 'CERVEZA MOLOTOV LATA', '', 800.00, '350 ML', '/Imagenes/Bebidas/CERVEZA MOLOTOV LATA 350 ML.jpg', 100, '2024-11-04 21:33:10'),
	(203, 1, 1, 1, 0, 'CERVEZA RON E GUAYABA BOTELLA', '', 1500.00, '1000 ML', '/Imagenes/Bebidas/CERVEZA RON E GUAYABA BOTELLA 1000 ML.jpg', 100, '2024-11-04 21:33:10'),
	(204, 1, 1, 17, 0, 'Cerveza', '', 2000.00, '600ml', '', 100, '2024-11-04 21:33:10'),
	(205, 3, 13, 17, 0, 'CERA PLEDGE AROMA GARDEN', '', 2101.00, '350 G', '/Imagenes/Limpieza/Cera Genie Pledge Cremosa Neutra Aroma County Garden 350 g 2101.jpeg', 100, '2024-11-04 21:35:12'),
	(206, 3, 13, 17, 0, 'CERA GENIE PASTA PARA MADERA', '', 1369.00, '140 G', '/Imagenes/Limpieza/Cera Genie Pledge pasta para madera 140 g 1369.jpeg', 100, '2024-11-04 21:35:12'),
	(207, 3, 13, 17, 0, 'CERA PLEDGE PISO ROJO', '', 2867.00, '290 G', '/Imagenes/Limpieza/Cera Genie Pledge pasta para piso rojo 290 g 2867.jpeg', 100, '2024-11-04 21:35:12'),
	(208, 3, 13, 17, 0, 'CERA PLEDGE PASTA ROJA', '', 1362.00, '140 G', '/Imagenes/Limpieza/Cera Genie Pledge pasta Roja 140 g 1362.jpeg', 100, '2024-11-04 21:35:12'),
	(209, 3, 13, 17, 0, 'CERA REX ROJA', '', 2280.00, '330 ML', '/Imagenes/Limpieza/Cera Rex Cremosa Roja Aroma Lavanda 330 ml 2280.jpeg', 100, '2024-11-04 21:35:12'),
	(210, 3, 13, 17, 0, 'DESINFECTANTE ECOLOGICO FLORES', '', 1265.00, '1000 ML', '/Imagenes/Limpieza/Desifectante Bluetech Ecologico Aroma Flores  1000ml 1265.jpeg', 100, '2024-11-04 21:35:12'),
	(211, 3, 13, 17, 0, 'DESINFECTANTE ECOLOGICO LIMON', '', 1265.00, '1000 ML', '/Imagenes/Limpieza/Desifectante Bluutech Ecologico Aroma Limon  1000ml 1265.jpeg', 100, '2024-11-04 21:35:12'),
	(212, 3, 13, 17, 0, 'DESINFECTANTE CARBOLINA', '', 1759.00, '260 ML', '/Imagenes/Limpieza/Desifectante Carbolina Deuso Efectivo en Hacienda 260 ml 1759.jpeg', 100, '2024-11-04 21:35:12'),
	(213, 3, 13, 17, 0, 'DESINFECTANTE CLORALEX MASCOTAS', '', 1503.00, '950 ML', '/Imagenes/Limpieza/Desifectante Cloralex Mascotas Para exteriores 950 ml 1503.jpeg', 100, '2024-11-04 21:35:12'),
	(214, 3, 13, 17, 0, 'DESINFECTANTE ECOBREEZE AEROSOL', '', 3507.00, '113 ML', '/Imagenes/Limpieza/Desifectante Ecobreeze de Citricos en Aerosol 113 ml 3507.jpeg', 100, '2024-11-04 21:35:12'),
	(215, 3, 13, 17, 0, 'DESINFECTANTE ECOBREEZE LIMON', '', 2084.00, '3875 ML', '/Imagenes/Limpieza/Desifectante Ecobreeze de Limon 3875 ml 2084.jpeg', 100, '2024-11-04 21:35:12'),
	(216, 3, 13, 17, 0, 'DESINFECTANTE ECOBREEZE SANDIA', '', 3074.00, '3875 ML', '/Imagenes/Limpieza/Desifectante Ecobreeze de sandia 3875 ml 3074.jpeg', 100, '2024-11-04 21:35:12'),
	(217, 3, 13, 17, 0, 'DESINFECTANTE SAFE Y CLEAN ALOE', '', 1990.00, '113 G', '/Imagenes/Limpieza/Desifectante Ecobreeze safe y clean Aroma aloe 113 g 1990.jpeg', 100, '2024-11-04 21:35:12'),
	(218, 3, 13, 17, 0, 'LUSTRADOR PARA MUEBLES AEROSOL', '', 5469.00, '378 ML', '/Imagenes/Limpieza/LUSTRADOR PLEDGE PARA MUEBLES EN AEROSOL 378,00 ml 5469.jpeg', 100, '2024-11-04 21:35:12'),
	(219, 3, 13, 17, 0, 'PASTILLA DESINFECTANTE BOUQUET', '', 445.00, '55 G', '/Imagenes/Limpieza/PASTILLA DESINFECTANE TRONEX AROMA BOUQUET 55 G 444.jpeg', 100, '2024-11-04 21:35:12'),
	(220, 3, 13, 17, 0, 'PASTILLA DESINFECTANTE AROMA FLORAL', '', 440.00, '55 G', '/Imagenes/Limpieza/PASTILLA DESINFECTANTE TRONEX AROMA FLORAL 55 G 440.jpeg', 100, '2024-11-04 21:35:12'),
	(221, 3, 13, 17, 0, 'PASTILLA DESINFECTANTE VAINILLA', '', 445.00, '55 G', '/Imagenes/Limpieza/PASTILLA DESINFECTANTE TRONEX AROMA VAINILLA 55 g 444.jpeg', 100, '2024-11-04 21:35:12'),
	(222, 3, 13, 17, 0, 'PASTILLA SANITARIO HARPIC', '', 3138.00, '2 UND', '/Imagenes/Limpieza/PASTILLA SANITARIA HARPIC 10X POWER ULTRA 2 UND 90 G 3138.jpeg', 100, '2024-11-04 21:35:12'),
	(223, 3, 13, 17, 0, 'PASTILLA PATO BRISA DE MAR', '', 4965.00, '4 UND', '/Imagenes/Limpieza/PASTILLA SANITARIA PATO BRISA DE MAR 4 UND 160.00 g 4965.jpeg', 100, '2024-11-04 21:35:12'),
	(224, 3, 13, 17, 0, 'PASTILLA PATO SIN COLOR', '', 3329.00, '52 G', '/Imagenes/Limpieza/PASTILLA SANITARIA PATO SIN COLOR AROMA FRESCO 52 G 3329.jpeg', 100, '2024-11-04 21:35:12'),
	(225, 3, 13, 17, 0, 'PASTILLA SANITARIA SURTIDO', '', 375.00, '50 G', '/Imagenes/Limpieza/PASTILLA SANITARIA SANI TAB SURTIDO 72 UND 50 G 375.jpeg', 100, '2024-11-04 21:35:12'),
	(226, 3, 13, 17, 0, 'SAN PIC AROMA HERBAL', '', 1906.00, '445 ML', '/Imagenes/Limpieza/San pic Aroma Herbal 445 ml 1906.jpeg', 100, '2024-11-04 21:35:12'),
	(227, 3, 13, 17, 0, 'SAN PIC AROMA LAVANDA', '', 1906.00, '44 ML', '/Imagenes/Limpieza/San Pic Aroma Lavanda 44ml 1906.jpeg', 100, '2024-11-04 21:35:12'),
	(228, 3, 13, 14, 0, 'TOALLAS LYSOL DESINFECTANTES', '', 7129.00, '80 UND', '/Imagenes/Limpieza/TOALLAS LYSOL DESINFECTANTES ESENCIA CITRIUS 80 UND 80 g 7129.jpeg', 100, '2024-11-04 21:35:12'),
	(229, 6, 24, 14, 0, 'CHORIZO CON CHILE', NULL, 2400.00, '300 G', '/Imagenes/Frescos/Chorizo con chile 300G 2370.jpg', 100, '2024-11-04 21:38:02'),
	(230, 6, 24, 14, 0, 'CHORIZO ITALIANO PICANTE', NULL, 6000.00, '538 G', '/Imagenes/Frescos/Chorizo italiano picante 538G 5953.jpg', 100, '2024-11-04 21:38:02'),
	(231, 6, 24, 14, 0, 'CHORIZO PARRILLERO', NULL, 2400.00, '300 G', '/Imagenes/Frescos/Chorizo parrillero 300G 2365.jpg', 100, '2024-11-04 21:38:02'),
	(232, 6, 24, 14, 0, 'CHORIZO PRECOCIDO', NULL, 2300.00, '300 G', '/Imagenes/Frescos/Chorizo precocido 300G 2190.jpg', 100, '2024-11-04 21:38:02'),
	(233, 6, 24, 14, 0, 'JAMON AHUMADO', NULL, 4700.00, '250 G', '/Imagenes/Frescos/Jamon ahumado 250G 4635.jpg', 100, '2024-11-04 21:38:02'),
	(234, 6, 24, 14, 0, 'JAMON COCIDO', NULL, 1700.00, '250 G', '/Imagenes/Frescos/Jamon cocido 250G 1655.jpg', 100, '2024-11-04 21:38:02'),
	(235, 6, 24, 14, 0, 'JAMON COCIDO PREMIUM', NULL, 4300.00, '600 G', '/Imagenes/Frescos/Jamon cocido 600g 4295.jpg', 100, '2024-11-04 21:38:02'),
	(236, 6, 24, 14, 0, 'JAMON DE PAVO', NULL, 4500.00, '250 G', '/Imagenes/Frescos/Jamon de pavo 250G 4450.jpg', 100, '2024-11-04 21:38:02'),
	(237, 6, 24, 14, 0, 'JAMON DE PAVO FUD', NULL, 4800.00, '450 G', '/Imagenes/Frescos/Jamon de pavo 450G 4741.jpg', 100, '2024-11-04 21:38:02'),
	(238, 6, 24, 14, 0, 'JAMON PRENSADO', NULL, 3000.00, '250 G', '/Imagenes/Frescos/Jamon prensado 250G 2906.jpg', 100, '2024-11-04 21:38:02'),
	(239, 6, 24, 14, 0, 'MORTADELA DE POLLO', NULL, 2250.00, '1 KG', '/Imagenes/Frescos/Mortadela de pollo 1KG 2220.jpg', 100, '2024-11-04 21:38:02'),
	(240, 6, 24, 14, 0, 'MORTADELA DE POLLO KIMBY', NULL, 1500.00, '375 G', '/Imagenes/Frescos/Mortadela de pollo 375G 1475.jpg', 100, '2024-11-04 21:38:02'),
	(241, 6, 24, 14, 0, 'MORTADELA ESPECIAL', NULL, 3000.00, '500 G', '/Imagenes/Frescos/Mortadela especial 500G 2980.jpg', 100, '2024-11-04 21:38:02'),
	(242, 6, 24, 14, 0, 'MORTADELA JANONADA', NULL, 6800.00, '1 KG', '/Imagenes/Frescos/Mortadela jamonada 1KG 6797.jpg', 100, '2024-11-04 21:38:02'),
	(243, 6, 24, 14, 0, 'SALCHICHA AHUMADA ZURQUI', NULL, 1900.00, '500 G', '/Imagenes/Frescos/Salchicha ahumada 500G 1830.jpg', 100, '2024-11-04 21:38:02'),
	(244, 6, 24, 14, 0, 'SALCHICHA AHUMADA ZAR', NULL, 2500.00, '330 G', '/Imagenes/Frescos/Salchichas ahumada 330G 2400.jpg', 100, '2024-11-04 21:38:02'),
	(245, 6, 24, 14, 0, 'SALCHICHA AHUMADA KIMBY', NULL, 1800.00, '500 G', '/Imagenes/Frescos/Salchichas ahumada 500G 1745.jpg', 100, '2024-11-04 21:38:02'),
	(246, 6, 24, 14, 0, 'SALCHICHAS DE DESAYUNO ESPECIAL', NULL, 3400.00, '330 G', '/Imagenes/Frescos/Salchichas de desayuno especial 330G 3350.jpg', 100, '2024-11-04 21:38:02'),
	(247, 6, 24, 14, 0, 'SALCHICHA LIGTH DE PAVO', NULL, 1600.00, '350 G', '/Imagenes/Frescos/Salchichas ligth de pavo 350G 1567.jpg', 100, '2024-11-04 21:38:02'),
	(248, 6, 24, 14, 0, 'SALCHICHAS PARA HOT DOG', NULL, 2900.00, '480 G', '/Imagenes/Frescos/Salchichas para hot dog 480G 2839.jpg', 100, '2024-11-04 21:38:02'),
	(249, 6, 24, 14, 0, 'SALCHICHAS PARA HOT DOG YURIS', NULL, 3900.00, '400 G', '/Imagenes/Frescos/Salchichas para hot dog 400G 3874.jpg', 100, '2024-11-04 21:38:02'),
	(250, 6, 24, 19, 0, 'SALCHICHAS POLACAS', NULL, 2700.00, '250 G', '/Imagenes/Frescos/Salchichas polacas 250G 2640.jpg', 100, '2024-11-04 21:38:02'),
	(251, 2, 10, 19, 0, 'ZANAHORIAS EN CUBOS', '', 2000.00, '300 G', '/Imagenes/Abarrotes/Arvejas-Con-Zanahoria-Lata.jpg', 100, '2024-11-04 21:39:46'),
	(252, 2, 10, 19, 0, 'ATUN AZUL -CAZUELA-', '', 2000.00, '170 G', '/Imagenes/Abarrotes/Atun cazuela lata.jpg', 100, '2024-11-04 21:39:46'),
	(253, 2, 10, 19, 0, 'SARDINAS ENLATADAS', '', 1400.00, '230 G', '/Imagenes/Abarrotes/Atun sardimas.jpg', 100, '2024-11-04 21:39:46'),
	(254, 2, 10, 19, 0, 'ATUN AZUL -SULI-', '', 600.00, '140 G', '/Imagenes/Abarrotes/Atun suli.jpg', 100, '2024-11-04 21:39:46'),
	(255, 2, 10, 19, 0, 'ATUN AZUL -TESORO DEL MAR-', '', 2195.00, '295 G', '/Imagenes/Abarrotes/Atun tesoro del mar.jpg', 100, '2024-11-04 21:39:46'),
	(256, 2, 10, 19, 0, 'ATUN AZUL -SABEMAS-', '', 880.00, '140 G', '/Imagenes/Abarrotes/Atun-Sabemas-Lomo-En-Trozos-En-Aceite.jpg', 100, '2024-11-04 21:39:46'),
	(257, 2, 10, 19, 0, 'CABALLA SARDINA', '', 1600.00, '220 G', '/Imagenes/Abarrotes/Caballa sardina.jpg', 100, '2024-11-04 21:39:46'),
	(258, 2, 10, 19, 0, 'ATUN CON VEGETALES -CALVO-', '', 1300.00, '260 G', '/Imagenes/Abarrotes/Calvo vegetales.png', 100, '2024-11-04 21:39:46'),
	(259, 2, 10, 19, 0, 'ALBAHACA CON TOMATE CALVO', '', 1445.00, '142 G', '/Imagenes/Abarrotes/Calvo-Albahaca-Tomate.jpg', 100, '2024-11-04 21:39:46'),
	(260, 2, 10, 19, 0, 'CARNE ENLATADA', '', 3720.00, '464 G', '/Imagenes/Abarrotes/Carne de muelas enlatado.jpg', 100, '2024-11-04 21:39:46'),
	(261, 2, 10, 19, 0, 'MAIZ ENLATADO', '', 2425.00, '420 G', '/Imagenes/Abarrotes/Elotes.jpg', 100, '2024-11-04 21:39:46'),
	(262, 2, 10, 19, 0, 'ENSALADA CON ATUN', '', 1400.00, '200 G', '/Imagenes/Abarrotes/Ensalada con atun.png', 100, '2024-11-04 21:39:46'),
	(263, 2, 10, 19, 0, 'ENSALADA ENLATADA', '', 1000.00, '148 G', '/Imagenes/Abarrotes/Ensalada enlatada.jpg', 100, '2024-11-04 21:39:46'),
	(264, 2, 10, 19, 0, 'ENSALADA PRIMAVERA ENLATADA', '', 2800.00, '454 G', '/Imagenes/Abarrotes/Ensalada primavera.jpg', 100, '2024-11-04 21:39:46'),
	(265, 2, 10, 19, 0, 'LENTEJAS ENLATADAS', '', 3116.00, '1275 G', '/Imagenes/Abarrotes/Lentejas.jpg', 100, '2024-11-04 21:39:46'),
	(266, 2, 10, 19, 0, 'PALMITA ENLATADO', '', 3000.00, '500 G', '/Imagenes/Abarrotes/Palmito-La-Cima-En-Medallones.jpg', 100, '2024-11-04 21:39:46'),
	(267, 2, 10, 19, 0, 'PESCADO ENLATADO', '', 2000.00, '400 G', '/Imagenes/Abarrotes/Pescado conservas .png', 100, '2024-11-04 21:39:46'),
	(268, 2, 10, 19, 0, 'GARBANZOS ENLATADOS', '', 620.00, '240 G', '/Imagenes/Abarrotes/Toño Garbanzos.jpg', 100, '2024-11-04 21:39:46'),
	(269, 2, 10, 19, 0, 'VEGETALES ENLATADOS', '', 1200.00, '300 G', '/Imagenes/Abarrotes/Toño vegetales.jpg', 100, '2024-11-04 21:39:46'),
	(270, 2, 10, 19, 0, 'ATUN AZUL -SALADES-', '', 1700.00, '494 G', '/Imagenes/Abarrotes/atun salades.jpg', 100, '2024-11-04 21:39:46'),
	(271, 2, 10, 19, 0, 'ATUNN AZUL -CONSERVA-', '', 1825.00, '220 G', '/Imagenes/Abarrotes/atun-en-conserva.jpg', 100, '2024-11-04 21:39:46'),
	(272, 2, 10, 19, 0, 'CAMARONES ENLATADOS', '', 1360.00, '200 G', '/Imagenes/Abarrotes/camarones-enlatados.jpg', 100, '2024-11-04 21:39:46'),
	(273, 2, 10, 19, 0, 'CHOROS ENLATADOS', '', 620.00, '185 G', '/Imagenes/Abarrotes/choros-enlatados.jpg', 100, '2024-11-04 21:39:46'),
	(274, 2, 10, 19, 0, 'ESPARRAGOS ENLATADOS', '', 1250.00, '490 G', '/Imagenes/Abarrotes/espárragos-enlatados.jpg', 100, '2024-11-04 21:39:46'),
	(275, 2, 10, 19, 0, 'JARDINERA ENLATADA', '', 2500.00, '410 G', '/Imagenes/Abarrotes/jardinera_enlatada.jpg', 100, '2024-11-04 21:39:46'),
	(276, 1, 2, 2, 0, 'CACIQUE LIGAO BAHIA SANDIA', '', 3640.00, '1000 ML', '/Imagenes/Bebidas/COCTEL CACIQUE LIGAO BAHIA SANDIA 1000ml.jpg', 100, '2024-11-04 21:42:25'),
	(277, 1, 2, 2, 0, 'CACIQUE LIGAO PUERTO GUAYABA', '', 3655.00, '1000 ML', '/Imagenes/Bebidas/COCTEL CACIQUE LIGAO PUERTO GUAYABA 1000 ml.jpg', 100, '2024-11-04 21:42:25'),
	(278, 1, 2, 2, 0, 'CACIQUE LIGAO RESERVA FRUTAL', '', 3538.00, '1000 ML', '/Imagenes/Bebidas/COCTEL CACIQUE LIGAO RESERVA FRUTAL 1000ml.jpg', 100, '2024-11-04 21:42:25'),
	(279, 1, 2, 2, 0, 'CREMA IRLANDESA BAILEYS', '', 14800.00, '1000 ML', '/Imagenes/Bebidas/CREMA IRLANDESA BAILEYS 1000 ML.jpg', 100, '2024-11-04 21:42:25'),
	(280, 1, 2, 2, 0, 'GUARO CACIQUE ETIQUETA ROJA', '', 4361.00, '1000 ML', '/Imagenes/Bebidas/GUARO CACIQUE ETIQUETA ROJA 1000 ML.jpg', 100, '2024-11-04 21:42:25'),
	(281, 1, 2, 2, 0, 'GUARO CACIQUE ETIQUETA ROJA', '', 1353.00, '365 ML', '/Imagenes/Bebidas/GUARO CACIQUE ETIQUETA ROJA 365 ML.jpg', 100, '2024-11-04 21:42:25'),
	(282, 1, 2, 2, 0, 'LICOR DE FRUTAS HPNOTIQ', '', 26765.00, '750 ML', '/Imagenes/Bebidas/LICOR DE FRUTAS HPNOTIQ 750 ML.jpg', 100, '2024-11-04 21:42:25'),
	(283, 1, 2, 2, 0, 'LICOR DE HIERBAS CAMPARI', '', 19126.00, '750 ML', '/Imagenes/Bebidas/LICOR DE HIERBAS CAMPARI 750 ML.jpg', 100, '2024-11-04 21:42:25'),
	(284, 1, 2, 2, 0, 'RON BACARDI SUPERIOR', '', 8947.00, '1000 ML', '/Imagenes/Bebidas/RON BACARDI SUPERIOR 980 ML.jpg', 100, '2024-11-04 21:42:25'),
	(285, 1, 2, 2, 0, 'RON CAPITAN MORGA', '', 11530.00, '1000 ML', '/Imagenes/Bebidas/RON CAPITAN MORGAN 1000 ml.jpg', 100, '2024-11-04 21:42:25'),
	(286, 1, 2, 2, 0, 'RON CENTENARIO 7 AÑOS', '', 12057.00, '1000 ML', '/Imagenes/Bebidas/RON CENTENARIO 7 AÑOS 1000 ML.jpg', 100, '2024-11-04 21:42:25'),
	(287, 1, 2, 2, 0, 'RON COLORADO', '', 5858.00, '1000 ML', '/Imagenes/Bebidas/RON COLORADO 1000 ML.jpg', 100, '2024-11-04 21:42:25'),
	(288, 1, 2, 2, 0, 'RON FLOR DE CAÑA CENTENARIO 12 AÑOS', '', 30000.00, '1000 ML', '/Imagenes/Bebidas/RON FLOR DE CAÑA CENTENARIO 12 AÑOS 750 ml.jpg', 100, '2024-11-04 21:42:25'),
	(289, 1, 2, 2, 0, 'RON FLOR DE CAÑA ORO 4 AÑOS', '', 8500.00, '1000 ML', '/Imagenes/Bebidas/RON FLOR DE CAÑA ORO 4 AÑOS 1000 ML.jpg', 100, '2024-11-04 21:42:25'),
	(290, 1, 2, 2, 0, 'RON FLOR DE CAÑA RESERVA 7AÑOS', '', 10700.00, '1000 ML', '/Imagenes/Bebidas/RON FLOR DE CAÑA RESERVA 7AÑOS 1000 ML.jpg', 100, '2024-11-04 21:42:25'),
	(291, 1, 2, 2, 0, 'TEQUILA 1800 AÑEJO CLARO', '', 36400.00, '750 ML', '/Imagenes/Bebidas/TEQUILA 1800 AÑEJO CLARO 750 ml.jpg', 100, '2024-11-04 21:42:25'),
	(292, 1, 2, 2, 0, 'TEQUILA JOSE CUERVO ESPECIAL', '', 17248.00, '750 ML', '/Imagenes/Bebidas/TEQUILA JOSE CUERVO ESPECIAL 750 ML.jpg', 100, '2024-11-04 21:42:25'),
	(293, 1, 2, 2, 0, 'TEQUILA RANCHO ESCONDIDO ORO', '', 7000.00, '750 ML', '/Imagenes/Bebidas/TEQUILA RANCHO ESCONDIDO ORO 750 ML.jpg', 100, '2024-11-04 21:42:25'),
	(294, 1, 2, 2, 0, 'TEQUILA ROSE CREMA DE FRESA', '', 20000.00, '750 ML', '/Imagenes/Bebidas/TEQUILA ROSE CREMA DE FRESA 750 ML.jpg', 100, '2024-11-04 21:42:25'),
	(295, 1, 2, 2, 0, 'WHISKY JACK DANIELS TENNESSE', '', 26662.00, '700 ML', '/Imagenes/Bebidas/WHISKY JACK DANIELS TENNESSE 700 ml.jpg', 100, '2024-11-04 21:42:25'),
	(296, 6, 21, 13, 0, 'CABEZA DE PESCADO', '', 1385.00, '1 KG', '/Imagenes/Frescos/Cabeza de pescado 1KG 1385.jpg', 100, '2024-11-04 21:43:10'),
	(297, 6, 21, 13, 0, 'CALAMARES', '', 5350.00, '500 G', '/Imagenes/Frescos/Calamares 500G 5350.jpg', 100, '2024-11-04 21:43:10'),
	(298, 6, 21, 13, 0, 'CAMARON', '', 6200.00, '500 G', '/Imagenes/Frescos/Camaron 500G 6200.jpg', 100, '2024-11-04 21:43:10'),
	(299, 6, 21, 13, 0, 'FILET DE TRUCHA', '', 9845.00, '1 KG', '/Imagenes/Frescos/Filet de trucha 1KG 9845.jpg', 100, '2024-11-04 21:43:10'),
	(300, 6, 21, 13, 0, 'FILETE DE CURVINA', '', 7500.00, '500 G', '/Imagenes/Frescos/Filete de curvina 500G 7500.jpg', 100, '2024-11-04 21:43:10'),
	(301, 6, 21, 13, 0, 'FILETE DE PARGO', '', 6450.00, '500 G', '/Imagenes/Frescos/Filete de pargo 500G 6450.jpg', 100, '2024-11-04 21:43:10'),
	(302, 6, 21, 13, 0, 'FILETE DE TILAPIA', '', 6649.00, '1 KG', '/Imagenes/Frescos/FIlete de tilapia 1KG 6649.jpg', 100, '2024-11-04 21:43:10'),
	(303, 6, 21, 13, 0, 'MARISCADA', '', 4133.00, '400 G', '/Imagenes/Frescos/Mariscada 400G 4133.jpg', 100, '2024-11-04 21:43:10'),
	(304, 6, 21, 13, 0, 'PULPO ENTERO', '', 12300.00, '1.2 KG', '/Imagenes/Frescos/Pulpo entero 1.2KG 12300.jpg', 100, '2024-11-04 21:43:10'),
	(305, 6, 21, 13, 0, 'SALMON AHUMADO', '', 5350.00, '100 G', '/Imagenes/Frescos/Salmon ahumado 100G 5350.jpg', 100, '2024-11-04 21:43:10'),
	(306, 6, 21, 13, 0, 'TILAPIA ENTERA', '', 3150.00, '1 KG', '/Imagenes/Frescos/Tilapia entera 1KG 3150.jpg', 100, '2024-11-04 21:43:10'),
	(307, 6, 21, 13, 0, 'SARDINAS GRANDES', '', 10700.00, '1 KG', '/Imagenes/Frescos/Sardinas grandes 1KG 10700.jpg', 100, '2024-11-04 21:43:10'),
	(308, 6, 19, 11, 0, 'BISTEC DE CERDO', '', 4975.00, '1 KG', '/Imagenes/Frescos/Bistec de cerdo adobado 1KG 4975.jpg', 100, '2024-11-04 21:44:08'),
	(309, 6, 19, 11, 0, 'CARNE MOLIDA', '', 2000.00, '500 G', '/Imagenes/Frescos/Carne molida de cerdo 500G 2000.jpg', 100, '2024-11-04 21:44:08'),
	(310, 6, 19, 11, 0, 'CHULETA AHUMADA', '', 3212.00, '500 G', '/Imagenes/Frescos/Chuleta ahumada 500G 3212.jpg', 100, '2024-11-04 21:44:08'),
	(311, 6, 19, 11, 0, 'CHULETA DE CERDO', '', 3500.00, '1 KG', '/Imagenes/Frescos/Chuleta de cerdo 1KG 3500.jpg', 100, '2024-11-04 21:44:08'),
	(312, 6, 19, 11, 0, 'COSTILLA ADOBADA BBQ', '', 6500.00, '1 KG', '/Imagenes/Frescos/Costilla abobada BBQ 1KG 6500.jpg', 100, '2024-11-04 21:44:08'),
	(313, 6, 19, 11, 0, 'COSTILLA DE CERDO PRIME', '', 4450.00, '500 G', '/Imagenes/Frescos/Costilla de Cerdo 500G 4450.jpg', 100, '2024-11-04 21:44:08'),
	(314, 6, 19, 11, 0, 'COSTILLA DE CERDO', '', 3795.00, '1 KG', '/Imagenes/Frescos/Costilla de cerdo 1KG 3795.jpg', 100, '2024-11-04 21:44:08'),
	(315, 6, 19, 11, 0, 'PIERNA DE CERDO AHUMADA', '', 5995.00, '1 KG', '/Imagenes/Frescos/Pierna de cerdo ahumada 1KG 5995.jpg', 100, '2024-11-04 21:44:08'),
	(316, 6, 19, 11, 0, 'POSTA DE CERDO', '', 2995.00, '1 KG', '/Imagenes/Frescos/Posta de cerdo 1KG 2995.jpg', 100, '2024-11-04 21:44:08'),
	(317, 6, 19, 11, 0, 'T-BONE DE CERDO', '', 2141.00, '500 G', '/Imagenes/Frescos/T-bone de cerdo 500G 2141.jpg', 100, '2024-11-04 21:44:08'),
	(318, 6, 19, 11, 0, 'TROCITOS DE CERDO', '', 3495.00, '1 KG', '/Imagenes/Frescos/Trocitos de cerdo 1KG 3495.jpg', 100, '2024-11-04 21:44:08'),
	(319, 1, 6, 3, 0, 'POWERADE AVALANCHA', '', 900.00, '600 ML', '/Imagenes/Bebidas/BEBIDA HIDRATANTE POWERADE AVALANCHA  600 ML.jpg', 100, '2024-11-04 21:44:50'),
	(320, 1, 6, 3, 0, 'POWERDADE ZERO GRAPE', '', 900.00, '591 ML', '/Imagenes/Bebidas/BEBIDA HIDRATANTE POWERDADE ZERO GRAPE 591ml.jpg', 100, '2024-11-04 21:44:50'),
	(321, 1, 6, 3, 0, 'MONSTER ULTRA', '', 1500.00, '453 ML', '/Imagenes/Bebidas/BebidaEnergeticaMonsterUltra 473ml.jpg', 100, '2024-11-04 21:44:50'),
	(322, 1, 6, 3, 0, 'MONSTER GREEN', '', 1500.00, '453 ML', '/Imagenes/Bebidas/BebidaEnergeticaMonstrer 473ml.jpg', 100, '2024-11-04 21:44:50'),
	(323, 1, 6, 3, 0, 'JET', '', 1000.00, '600 ML', '/Imagenes/Bebidas/Jet 600ml.jpg', 100, '2024-11-04 21:44:50'),
	(324, 1, 6, 3, 0, 'MAXX ENERGY', '', 1100.00, '350 ML', '/Imagenes/Bebidas/MAXXXEnergy 350ml.jpg', 100, '2024-11-04 21:44:50'),
	(325, 1, 6, 10, 0, 'RED BULL', '', 1400.00, '250 ML', '/Imagenes/Bebidas/RedBull 250ml.jpg', 100, '2024-11-04 21:44:50'),
	(326, 6, 18, 10, 0, 'ALAS DE POLLO', '', 3415.00, '1 KG', '/Imagenes/Frescos/Alas de pollo 1KG 3415.jpg', 100, '2024-11-04 21:45:58'),
	(327, 6, 18, 10, 0, 'FILET DE PECHUGA DE POLLO', '', 5366.00, '1 KG', '/Imagenes/Frescos/Filet de pechuga de pollo 1KG 5366.jpg', 100, '2024-11-04 21:45:58'),
	(328, 6, 18, 10, 0, 'FAJITAS DE POLLO', '', 5926.00, '1 KG', '/Imagenes/Frescos/Fajitas de pollo 1KG 5926.jpg', 100, '2024-11-04 21:45:58'),
	(329, 6, 18, 10, 0, 'FILET DE POLLO ADOBADO BBQ', '', 6355.00, '1 KG', '/Imagenes/Frescos/Filet de pollo adobado BBQ 1KG 6355.jpg', 100, '2024-11-04 21:45:58'),
	(330, 6, 18, 10, 0, 'FILET DE POLLO ADOBADO ITALIANO', '', 6355.00, '1 KG', '/Imagenes/Frescos/Filet de pollo adobado italiano 1KG 6355.jpg', 100, '2024-11-04 21:45:58'),
	(331, 6, 18, 10, 0, 'MENUDO', '', 1200.00, '1 KG', '/Imagenes/Frescos/Menudo de pollo 1KG 1200.jpg', 100, '2024-11-04 21:45:58'),
	(332, 6, 18, 10, 0, 'MILANESA', '', 3748.00, '1 KG', '/Imagenes/Frescos/Milanesa de pollo 1KG 3748.jpg', 100, '2024-11-04 21:45:58'),
	(333, 6, 18, 10, 0, 'MUSLITO DE ALA DE POLLO', '', 3972.00, '1 KG', '/Imagenes/Frescos/Muslito de ala de pollo 1KG 3972.jpg', 100, '2024-11-04 21:45:58'),
	(334, 6, 18, 10, 0, 'MUSLITO DE POLLO', '', 3206.00, '1 KG', '/Imagenes/Frescos/Muslito de pollo 1KG 3206.jpg', 100, '2024-11-04 21:45:58'),
	(335, 6, 18, 10, 0, 'MUSLO DESHUESADO', '', 4014.00, '1 KG', '/Imagenes/Frescos/Muslo deshuesado 1KG 4014.jpg', 100, '2024-11-04 21:45:58'),
	(336, 6, 18, 10, 0, 'PECHUGA DE POLLO', '', 3220.00, '1 KG', '/Imagenes/Frescos/Pechuga de pollo 1KG 3220.jpg', 100, '2024-11-04 21:45:58'),
	(337, 6, 23, 15, 0, 'AJO', '', 375.00, '3 UND', '/Imagenes/Frescos/Ajo 3 UND 375.jpg', 100, '2024-11-04 21:46:56'),
	(338, 6, 23, 15, 0, 'AJO MALLA', '', 616.00, '500 G', '/Imagenes/Frescos/Ajo malla 500G 616.jpg', 100, '2024-11-04 21:46:56'),
	(339, 6, 23, 15, 0, 'APIO', '', 1995.00, '1 UND', '/Imagenes/Frescos/Apio 1KG 1955.jpg', 100, '2024-11-04 21:46:56'),
	(340, 6, 23, 15, 0, 'AYOTE', '', 620.00, '1KG', '/Imagenes/Frescos/Ayote 1KG 620.jpg', 100, '2024-11-04 21:46:56'),
	(341, 6, 23, 15, 0, 'CAMOTE', '', 750.00, '1 KG', '/Imagenes/Frescos/Camote 1KG 750.jpg', 100, '2024-11-04 21:46:56'),
	(342, 6, 23, 15, 0, 'GRANADILLA', '', 1433.00, '1 UND', '/Imagenes/Frescos/Cebolla 1KG 1433.jpg', 100, '2024-11-04 21:46:56'),
	(343, 6, 23, 15, 0, 'CEBOLLA MINU MALLA', '', 1050.00, '1 KG', '/Imagenes/Frescos/Cebolla mini malla 1KG 1050.jpg', 100, '2024-11-04 21:46:56'),
	(344, 6, 23, 15, 0, 'CEBOLLINO', '', 490.00, '1 UND', '/Imagenes/Frescos/Cebollino 1 UND 490.jpg', 100, '2024-11-04 21:46:56'),
	(345, 6, 23, 15, 0, 'CHILE DULCE', '', 456.00, '1 UND', '/Imagenes/Frescos/Chile dilce 1 UND 456.jpg', 100, '2024-11-04 21:46:56'),
	(346, 6, 23, 15, 0, 'CHILE DULCE MALLA', '', 782.00, '1 UND', '/Imagenes/Frescos/Chile dulce malla 1 UND 782.jpg', 100, '2024-11-04 21:46:56'),
	(347, 6, 23, 15, 0, 'COLIFLOR', '', 1822.00, '1 UND', '/Imagenes/Frescos/Coliflor 1 UND 1822.jpg', 100, '2024-11-04 21:46:56'),
	(348, 6, 23, 15, 0, 'CULANTRO ROLLO', '', 586.00, '1 UND', '/Imagenes/Frescos/Culantro rollo 1 UND 586.jpg', 100, '2024-11-04 21:46:56'),
	(349, 6, 23, 15, 0, 'ENSALADA', '', 982.00, '250 G', '/Imagenes/Frescos/Ensalada 250G 982.jpg', 100, '2024-11-04 21:46:56'),
	(350, 6, 23, 15, 0, 'ESPINACA', '', 1250.00, '1 UND', '/Imagenes/Frescos/Espinaca 1 UND 1250.jpg', 100, '2024-11-04 21:46:56'),
	(351, 6, 23, 15, 0, 'GUINEO', '', 85.00, '1 UND', '/Imagenes/Frescos/Guineo 1 UND 85.jpg', 100, '2024-11-04 21:46:56'),
	(352, 6, 23, 15, 0, 'JENGIBRE', '', 1563.00, '1 KG', '/Imagenes/Frescos/Jengibre 1KG 1563.jpg', 100, '2024-11-04 21:46:56'),
	(353, 6, 23, 15, 0, 'PAPA MINI MALLA', '', 1042.00, '1 KG', '/Imagenes/Frescos/Papa mini malla 1KG 1042.jpg', 100, '2024-11-04 21:46:56'),
	(354, 6, 23, 15, 0, 'PEPINO', '', 586.00, '1 KG', '/Imagenes/Frescos/Pepino 1KG 586.jpg', 100, '2024-11-04 21:46:56'),
	(355, 6, 23, 15, 0, 'RABANO', '', 1107.00, '1 UND', '/Imagenes/Frescos/Rabano 1 UND 1107.jpg', 100, '2024-11-04 21:46:56'),
	(356, 6, 23, 15, 0, 'REMOLACHA', '', 456.00, '1 UND', '/Imagenes/Frescos/Remolacha 1 UND 456.jpg', 100, '2024-11-04 21:46:56'),
	(357, 6, 23, 15, 0, 'REPOLLO MORADO', '', 984.00, '1 KG', '/Imagenes/Frescos/Repollo morado 1KG 984.jpg', 100, '2024-11-04 21:46:56'),
	(358, 6, 23, 15, 0, 'ZANAHORIA', '', 3000.00, '1 UND', '/Imagenes/Frescos/Zanahoria 1 UND 3000.jpg', 100, '2024-11-04 21:46:56'),
	(359, 3, 11, 18, 0, 'DETERGENTE ARIEL DOBLE PODER', '', 6412.00, '2.5 KG', '/Imagenes/Limpieza/DETERGENTE ARIEL DOBLE PODER 2.5 KG 6412.jpeg', 100, '2024-11-04 21:47:43'),
	(360, 3, 11, 18, 0, 'DETERGENTE ARIEL REVITACOLOR', '', 2046.00, '800 G', '/Imagenes/Limpieza/DETERGENTE ARIEL EN POLVO REVITACOLOR 800 g 2046.jpeg', 100, '2024-11-04 21:47:43'),
	(361, 3, 11, 18, 0, 'DETERGENTE ARIEL REVITACOLOR', '', 9178.00, '3.7 KG', '/Imagenes/Limpieza/DETERGENTE ARIEL EN POLVO REVITACOLOR 3700,00 g 9178.jpeg', 100, '2024-11-04 21:47:43'),
	(362, 3, 11, 18, 0, 'DETERGENTE LIQUIDO CONCENTRADO', '', 9354.00, '2800 ML', '/Imagenes/Limpieza/DETERGENTE ARIEL LIQUIDO CONCENTRADO REVITACOLOR 2800,00 ml 9354.jpeg', 100, '2024-11-04 21:47:43'),
	(363, 3, 11, 18, 0, 'DETERGENTE EN POLVO ARIEL', '', 1258.00, '400 G', '/Imagenes/Limpieza/DETERGENTE EN POLVO ARIEL 400 G 1258.jpeg', 100, '2024-11-04 21:47:43'),
	(364, 3, 11, 18, 0, 'DETERGENTE EN POLVO ARIEL', '', 4037.00, '1.5 KG', '/Imagenes/Limpieza/DETERGENTE EN POLVO ARIEL 1500 G 4037.jpeg', 100, '2024-11-04 21:47:43'),
	(365, 3, 11, 18, 0, 'DETERGENTE ARIEL DOBLE PODER', '', 2292.00, '900 G', '/Imagenes/Limpieza/DETERGENTE EN POLVO ARIEL DOBLE PODER 900 G 2292.jpeg', 100, '2024-11-04 21:47:43'),
	(366, 3, 11, 18, 0, 'DETERGENTE ARIEL DOBLE PODER', '', 2606.00, '1 KG', '/Imagenes/Limpieza/DETERGENTE EN POLVO ARIEL DOBLE PODER 1000 G 2606.jpeg', 100, '2024-11-04 21:47:43'),
	(367, 3, 11, 18, 0, 'DETERGENTE EN POLVO DOWNY', '', 950.00, '400 G', '/Imagenes/Limpieza/DETERGENTE EN POLVO ARIEL DOWNY 400 G 950.jpeg', 100, '2024-11-04 21:47:43'),
	(368, 3, 11, 18, 0, 'DETERGENTE ARIEL DOWNY', '', 3836.00, '1.5 KG', '/Imagenes/Limpieza/DETERGENTE EN POLVO ARIEL DOWNY 1500 G 3836.jpeg', 100, '2024-11-04 21:47:43'),
	(369, 3, 11, 18, 0, 'DETERGENTE EFORT FLORAL', '', 7491.00, '6 KG', '/Imagenes/Limpieza/DETERGENTE EN POLVO EFORT 3 FRESCURA FLORAL 6000 G 7491.jpeg', 100, '2024-11-04 21:47:43'),
	(370, 3, 11, 18, 0, 'DETERGENTE FORT 3', '', 1550.00, '1 KG', '/Imagenes/Limpieza/DETERGENTE EN POLVO FORT 3 1000 G 1550.jpeg', 100, '2024-11-04 21:47:43'),
	(371, 3, 11, 18, 0, 'DETERGENTE FORT 3', '', 2201.00, '1.5 KG', '/Imagenes/Limpieza/DETERGENTE EN POLVO FORT 3 1500 G 2201.jpeg', 100, '2024-11-04 21:47:43'),
	(372, 3, 11, 18, 0, 'DETERGENTE FORT 3 FRESCURA', '', 1550.00, '1 KG', '/Imagenes/Limpieza/DETERGENTE EN POLVO FORT 3 FRESCA SENSACION 1000 G 1550.jpeg', 100, '2024-11-04 21:47:43'),
	(373, 3, 11, 18, 0, 'DETERGENTE EN POLVO FORT 3', '', 3585.00, '2.5 KG', '/Imagenes/Limpieza/DETERGENTE EN POLVO FORT 3 FRESCA SENSACION 2500 G 3585.jpeg', 100, '2024-11-04 21:47:43'),
	(374, 3, 11, 18, 0, 'DETERGENTE FRESCA SENSACION', '', 5374.00, '4 KG', '/Imagenes/Limpieza/DETERGENTE EN POLVO FORT 3 FRESCA SENSACION 4000 G 5374.jpeg', 100, '2024-11-04 21:47:43'),
	(375, 3, 11, 18, 0, 'DETERGENTE FORT 3 MANZANA', '', 4187.00, '3 KG', '/Imagenes/Limpieza/DETERGENTE EN POLVO FORT 3 MANZANA 3000 G 4187.jpeg', 100, '2024-11-04 21:47:43'),
	(376, 3, 11, 18, 0, 'DETERGENTE IREX ACONDICIONADOR', '', 1588.00, '1 KG', '/Imagenes/Limpieza/DETERGENTE EN POLVO IREX ACONDICIONADOR TELAS 1000 G 1588.jpeg', 100, '2024-11-04 21:47:43'),
	(377, 3, 11, 18, 0, 'DETERGENTE IREX ACONDICIONADOR', '', 2271.00, '1.5 KG', '/Imagenes/Limpieza/DETERGENTE EN POLVO IREX ACONDICIONADOR TELAS 1500 G 2271.jpeg', 100, '2024-11-04 21:47:43'),
	(378, 3, 11, 18, 0, 'DETERGENTE IREX TELAS', '', 5556.00, '5 KG', '/Imagenes/Limpieza/DETERGENTE EN POLVO IREX ACONDICIONADOR TELAS 5000 G 5556.jpeg', 100, '2024-11-04 21:47:43'),
	(379, 3, 12, 18, 0, 'LAVAPLATOS AXION ALOE CREMA', '', 2480.00, '640 ML', '/Imagenes/Limpieza/LAVAPLATOS AXION ALOE TOQUE DE CREMA 640 ml 2480.jpeg', 100, '2024-11-04 21:48:52'),
	(380, 3, 12, 18, 0, 'LAVAPLATOS AXION AVENA', '', 1290.00, '425 G', '/Imagenes/Limpieza/LAVAPLATOS AXION AVENA 425 G 1290.jpeg', 100, '2024-11-04 21:48:52'),
	(381, 3, 12, 18, 0, 'LAVAPLATOS CARBON ANTI OLORES', '', 1768.00, '750 G', '/Imagenes/Limpieza/LAVAPLATOS AXION CARBON ACTIVADO ANTI OLORES 750 g 1768.jpeg', 100, '2024-11-04 21:48:52'),
	(382, 3, 12, 18, 0, 'LAVAPLATOS AXION COMPLETE', '', 1612.00, '640 ML', '/Imagenes/Limpieza/LAVAPLATOS AXION COMPLETE ANTIBACTERIAL 640 ml 1612.jpeg', 100, '2024-11-04 21:48:52'),
	(383, 3, 12, 18, 0, 'LAVAPLATOS AXION LIMON BARRA', '', 1392.00, '600 G', '/Imagenes/Limpieza/LAVAPLATOS AXION LIMÓN 600 G 1392.jpeg', 100, '2024-11-04 21:48:52'),
	(384, 3, 12, 18, 0, 'LAVAPLATOS AXION LIMÓN', '', 720.00, '250 G', '/Imagenes/Limpieza/LAVAPLATOS AXION LIMÓN BARRA 250 G 720.jpeg', 100, '2024-11-04 21:48:52'),
	(385, 3, 12, 18, 0, 'LAVAPLATOS AXION PODEROSO', '', 1858.00, '400 ML', '/Imagenes/Limpieza/LAVAPLATOS AXION LÍQUIDO AVENA 400 ML 1858.jpeg', 100, '2024-11-04 21:48:52'),
	(386, 3, 12, 18, 0, 'LAVAPLATOS AXION PLASTICOS', '', 1860.00, '750 G', '/Imagenes/Limpieza/LAVAPLATOS AXION PODEROSO EN PLASTICOS 750 g 1860.jpeg', 100, '2024-11-04 21:48:52'),
	(387, 3, 12, 18, 0, 'LAVAPLATOS BLUETECH LÍQUIDO', '', 2160.00, '675 ML', '/Imagenes/Limpieza/LAVAPLATOS BLUETECH LÍQUIDO 675 ml 2160.jpeg', 100, '2024-11-04 21:48:52'),
	(388, 3, 12, 18, 0, 'LAVAPLATOS CASCADE LÍQUIDO', '', 12414.00, '924 G', '/Imagenes/Limpieza/LAVAPLATOS CASCADE LÍQUIDO ORIGINAL 924 G 12.414.jpeg', 100, '2024-11-04 21:48:52'),
	(389, 3, 12, 18, 0, 'LAVAPLATOS IREX CILINDRO 3 UND', '', 1662.00, '540 G', '/Imagenes/Limpieza/LAVAPLATOS IREX CILINDRO 3 UND 540 g 1662.jpeg', 100, '2024-11-04 21:48:52'),
	(390, 3, 12, 18, 0, 'LAVAPLATOS IREX COCO GLICERINA', '', 1400.00, '1 KG', '/Imagenes/Limpieza/LAVAPLATOS IREX COCO CON GLICERINA 1000 g 1400.jpeg', 100, '2024-11-04 21:48:52'),
	(391, 3, 12, 18, 0, 'LAVAPLATOS IREX LIMON', '', 1313.00, '1 KG', '/Imagenes/Limpieza/LAVAPLATOS IREX LIMON 1000 g 1313.jpeg', 100, '2024-11-04 21:48:52'),
	(392, 3, 12, 18, 0, 'LAVAPLATOS JOY ULTRA ESENCIA LIMÓN', '', 6204.00, '2066 ML', '/Imagenes/Limpieza/LAVAPLATOS JOY ULTRA ESENCIA LIMÓN 2066 ML 6204.jpeg', 100, '2024-11-04 21:48:52'),
	(393, 3, 12, 18, 0, 'LAVAPLATOS KLINS BAYAS SILVESTRES', '', 1867.00, '1 KG', '/Imagenes/Limpieza/LAVAPLATOS KLINS BAYAS SILVESTRES 1000 G 1867.jpeg', 100, '2024-11-04 21:48:52'),
	(394, 3, 12, 18, 0, 'LAVAPLATOS KLINS LIMÓN', '', 915.00, '600 G', '/Imagenes/Limpieza/LAVAPLATOS KLINS LIMÓN 600 G 915.jpeg', 100, '2024-11-04 21:48:52'),
	(395, 3, 12, 18, 0, 'LAVAPLATOS KLINS MELOCOTON GEL', '', 1447.00, '400 G', '/Imagenes/Limpieza/LAVAPLATOS KLINS MELOCOTON GEL CON ESPONJA 400 g 1447.jpeg', 100, '2024-11-04 21:48:52'),
	(396, 3, 12, 18, 0, 'LAVAPLATOS KLINS NARANJA', '', 1658.00, '100 G', '/Imagenes/Limpieza/LAVAPLATOS KLINS NARANJA 100g 1658.jpeg', 100, '2024-11-04 21:48:52'),
	(397, 3, 12, 18, 0, 'LAVAPLATOS KLINS NARANJA', '', 883.00, '450 G', '/Imagenes/Limpieza/LAVAPLATOS KLINS NARANJA 450 g 883.jpeg', 100, '2024-11-04 21:48:52'),
	(398, 3, 12, 18, 0, 'LAVAPLATOS LEMON LÍQUIDO', '', 1462.00, '500 ML', '/Imagenes/Limpieza/LAVAPLATOS LEMON LÍQUIDO BOLSA 500 ml 1462.jpeg', 100, '2024-11-04 21:48:52'),
	(399, 3, 12, 18, 0, 'LAVAPLATOS LIQUIDO AXION CARBON', '', 2094.00, '640 ML', '/Imagenes/Limpieza/LAVAPLATOS LIQUIDO AXION CARBON ACTIVADO ANTI OLORES 640 ml 2094.jpeg', 100, '2024-11-04 21:48:52'),
	(400, 3, 12, 18, 0, 'LAVAPLATOS PRIL LÍQUIDO LIMÓN', '', 1245.00, '400 ML', '/Imagenes/Limpieza/LAVAPLATOS PRIL LÍQUIDO LIMÓN 400 ML 1245.jpeg', 100, '2024-11-04 21:48:52'),
	(401, 3, 12, 18, 0, 'OFERTA LAVAPLATOS AXION 3 UND', '', 3116.00, '1275 G', '/Imagenes/Limpieza/OFERTA LAVAPLATOS AXION LIMÓN 3 UND 1275 G 3116.jpeg', 100, '2024-11-04 21:48:52'),
	(402, 3, 12, 2, 0, 'OFERTA LAVAPLATOS KLINS 2 UND', '', 1769.00, '500 G', '/Imagenes/Limpieza/OFERTA LAVAPLATOS KLINS 2 UND 500 G 1769.jpeg', 100, '2024-11-04 21:48:52'),
	(403, 1, 3, 2, 0, 'VINO CASILLERO DEL DIABLO RED BLEND CONCHA Y TORO', '', 7000.00, '750 ML', '/Imagenes/Bebidas/VINO CASILLERO DEL DIABLO RED BLEND CONCHA Y TORO 750 ml.jpg', 100, '2024-11-04 21:49:08'),
	(404, 1, 3, 2, 0, 'VINO FIESTA DE FRESA', '', 2384.00, '750 ML', '/Imagenes/Bebidas/VINO FIESTA DE FRESA 750 ML.jpg', 100, '2024-11-04 21:49:08'),
	(405, 1, 3, 2, 0, 'VINO FINCA LAS MORAS RESERVA MALBEC', '', 8835.00, '750 ML', '/Imagenes/Bebidas/VINO FINCA LAS MORAS RESERVA MALBEC 750 ml.jpg', 100, '2024-11-04 21:49:08'),
	(406, 1, 3, 2, 0, 'VINO TINTO ALAMOS CABERNET SAUVIGNON', '', 9660.00, '750 ML', '/Imagenes/Bebidas/VINO TINTO ALAMOS CABERNET SAUVIGNON 750 ML.jpg', 100, '2024-11-04 21:49:08'),
	(407, 1, 3, 2, 0, 'VINO TINTO BERINGER CABERNET SAUVIGNON', '', 9700.00, '1000 ML', '/Imagenes/Bebidas/VINO TINTO BERINGER CABERNET SAUVIGNON 750 ML.jpg', 100, '2024-11-04 21:49:08'),
	(408, 1, 3, 2, 0, 'VINO TINTO CLOS DE PIRQUE CABERNET SAUVIGNON TETRA BRIK', '', 2660.00, '1000 ML', '/Imagenes/Bebidas/VINO TINTO CLOS DE PIRQUE CABERNET SAUVIGNON TETRA BRIK 1000 M.jpg', 100, '2024-11-04 21:49:08'),
	(409, 1, 2, 20, 0, 'VINO TINTO FRONTERA MERLOT', '', 7000.00, '1000 ML', '/Imagenes/Bebidas/VINO TINTO FRONTERA MERLOT 1500 ML.jpg', 100, '2024-11-04 21:49:08'),
	(410, 2, 7, 20, 0, 'ARROZ BLANCO -KUSKA-', '', 2750.00, '1 KG', '/Imagenes/Abarrotes/Arroz blanco.jpg', 100, '2024-11-04 21:50:28'),
	(411, 2, 7, 20, 0, 'ARROZ BLANCO 95% -LUISIANA-', '', 6350.00, '4 KG', '/Imagenes/Abarrotes/Arroz luisiana.jpg', 100, '2024-11-04 21:50:28'),
	(412, 2, 7, 20, 0, 'ARROZ BLANCO 99% -LUISIANA-', '', 1534.00, '1.7 KG', '/Imagenes/Abarrotes/Arroz lusiana99.jpg', 100, '2024-11-04 21:50:28'),
	(413, 2, 7, 20, 0, 'ARROZ BLANCO 99% -TIO PELON-', '', 3900.00, '4 KG', '/Imagenes/Abarrotes/Arroz tio pelon.jpg', 100, '2024-11-04 21:50:28'),
	(414, 2, 7, 20, 0, 'ARROZ Y GRANOS', '', 1200.00, '700 G', '/Imagenes/Abarrotes/Arroz y granos.jpg', 100, '2024-11-04 21:50:28'),
	(415, 2, 7, 20, 0, 'ARROZ BLANCO 99% -TIO PELON-', '', 2400.00, '1 KG', '/Imagenes/Abarrotes/Arroz-Marca-Tio-Pelon-99-Grano.jpg', 100, '2024-11-04 21:50:28'),
	(416, 2, 7, 20, 0, 'ARROZ BLANCO -SCHETTINO-', '', 2300.00, '1 KG', '/Imagenes/Abarrotes/arroz.jpg', 100, '2024-11-04 21:50:28'),
	(417, 2, 7, 20, 0, 'GRANOS DE MAIZ', '', 3000.00, '300 G', '/Imagenes/Abarrotes/choclo en grano.jpg', 100, '2024-11-04 21:50:28'),
	(418, 2, 7, 20, 0, 'FRIJOLES NEGROS -GRANO DE ORO-', '', 1750.00, '1 KG', '/Imagenes/Abarrotes/Frijol grano de oro.jpg', 100, '2024-11-04 21:50:28'),
	(419, 2, 7, 20, 0, 'FRIJOLES NEGROS -INDIANA-', '', 1260.00, '1 KG', '/Imagenes/Abarrotes/Frijol-Indiana-Negro.jpg', 100, '2024-11-04 21:50:28'),
	(420, 2, 7, 20, 0, 'FRIJOLES ROJOS -SABEMAS-', '', 1450.00, '1 KG', '/Imagenes/Abarrotes/Frijol-Rojo-Sabemas.jpg', 100, '2024-11-04 21:50:28'),
	(421, 2, 7, 20, 0, 'FRIJOLES NEGROS -TIO PELON-', '', 1850.00, '1 KG', '/Imagenes/Abarrotes/frijoles tio pelon.jpg', 100, '2024-11-04 21:50:28'),
	(422, 2, 7, 20, 0, 'AVENA -GRANO DE ORO-', '', 2300.00, '1 KG', '/Imagenes/Abarrotes/GRANO DE ORO Bolsa 1Kg.jpg', 100, '2024-11-04 21:50:28'),
	(423, 2, 7, 20, 0, 'GARBANZOS', '', 1800.00, '570 G', '/Imagenes/Abarrotes/garbanzo.jpg', 100, '2024-11-04 21:50:28'),
	(424, 2, 7, 20, 0, 'GRANOS DE CAFE VERDE', '', 2450.00, '1 KG', '/Imagenes/Abarrotes/Granos de cafe verde.jpg', 100, '2024-11-04 21:50:28'),
	(425, 2, 7, 20, 0, 'TRIGO -SARRACENO-', '', 2856.00, '1 KG', '/Imagenes/Abarrotes/Granos de trigo sarraceno.jpg', 100, '2024-11-04 21:50:28'),
	(426, 2, 7, 20, 0, 'TORNILLITOS -PRINCE-', '', 1600.00, '350 G', '/Imagenes/Abarrotes/PASTA-PRINCE-TORNILLO.jpg', 100, '2024-11-04 21:50:28'),
	(427, 2, 7, 20, 0, 'PASTA ORZA', '', 8450.00, '7.5 KG', '/Imagenes/Abarrotes/Pasta Orza.jpg', 100, '2024-11-04 21:50:28'),
	(428, 2, 7, 20, 0, 'PASTA RAMEN', '', 1620.00, '170 G', '/Imagenes/Abarrotes/Pasta Ramen.jpg', 100, '2024-11-04 21:50:28'),
	(429, 2, 7, 20, 0, 'PASTA ROMANA', '', 2000.00, '230 G', '/Imagenes/Abarrotes/Pasta Roma.jpg', 100, '2024-11-04 21:50:28'),
	(430, 2, 7, 20, 0, 'CHOP SUEY', '', 1300.00, '200 G', '/Imagenes/Abarrotes/Pasta chop Suey.jpg', 100, '2024-11-04 21:50:28'),
	(431, 2, 7, 20, 0, 'PASTA PLUMA -LUCEMA-', '', 600.00, '250 G', '/Imagenes/Abarrotes/Pasta-Lucema-Mediana-Pluma.jpg', 100, '2024-11-04 21:50:28'),
	(432, 2, 7, 20, 0, 'ARITOS -GRANO DE ORO-', '', 1250.00, '450 G', '/Imagenes/Abarrotes/imagen-pasta-corta-arito.jpg', 100, '2024-11-04 21:50:28'),
	(433, 5, 16, 7, 0, 'ABRIGO NEGRO PARA PERRO', '', 4000.00, '100 MG', '/Imagenes/Mascotas/Abrigo negro.jpg', 100, '2024-11-04 21:51:13'),
	(434, 5, 16, 7, 0, 'CASA DE GATOS', '', 40000.00, '30 KG', '/Imagenes/Mascotas/Casa de gatos.jpg', 100, '2024-11-04 21:51:13'),
	(435, 5, 16, 7, 0, 'CASITA ROSADA PARA HAMSTERS', '', 30000.00, '6 KG', '/Imagenes/Mascotas/Casita Rosada.jpg', 100, '2024-11-04 21:51:13'),
	(436, 5, 16, 7, 0, 'COLLAR ROSADO', '', 1500.00, '60 MG', '/Imagenes/Mascotas/Collar.jpg', 100, '2024-11-04 21:51:13'),
	(437, 5, 16, 7, 0, 'CONTENEDOR DE ARENA PARA GATOS', '', 3000.00, '1 KG', '/Imagenes/Mascotas/Contenedor de arena.jpg', 100, '2024-11-04 21:51:13'),
	(438, 5, 16, 7, 0, 'LAZO NEGRO PARA GATOS', '', 1000.00, '50 MG', '/Imagenes/Mascotas/Lazo.jpg', 100, '2024-11-04 21:51:13'),
	(439, 5, 16, 7, 0, 'MOCHILA PARA GATOS', '', 10000.00, '1 KG', '/Imagenes/Mascotas/Mochila para Gatos.jpg', 100, '2024-11-04 21:51:13'),
	(440, 5, 16, 7, 0, 'PALAS PARA GATOS', '', 1000.00, '90 MG', '/Imagenes/Mascotas/Pala para Gatos.jpg', 100, '2024-11-04 21:51:13'),
	(441, 5, 16, 7, 0, 'PECHERA NEGRA PARA PERRO', '', 5600.00, '700 MG', '/Imagenes/Mascotas/Pechera Negra.jpg', 100, '2024-11-04 21:51:13'),
	(442, 5, 16, 7, 0, 'PECHERA ROSADA PARA GATOS', '', 2300.00, '140 MG', '/Imagenes/Mascotas/Pechera Rosada.jpg', 100, '2024-11-04 21:51:13'),
	(443, 5, 16, 7, 0, 'PECHERA CAFE PARA PERRO', '', 3800.00, '100 MG', '/Imagenes/Mascotas/Pechera para Perro.jpg', 100, '2024-11-04 21:51:13'),
	(444, 5, 16, 7, 0, 'PELOTA CON CUERDA PARA MASCOTAS', '', 2500.00, '300 MG', '/Imagenes/Mascotas/Pelota con cueerda.jpg', 100, '2024-11-04 21:51:13'),
	(445, 5, 16, 7, 0, 'PELOTAS PARA MASCOTAS', '', 5000.00, '500 MG', '/Imagenes/Mascotas/Pelotas .jpg', 100, '2024-11-04 21:51:13'),
	(446, 5, 16, 7, 0, 'RASCADOR PARA GATOS', '', 7000.00, '1 KG', '/Imagenes/Mascotas/Rascador.jpg', 100, '2024-11-04 21:51:13'),
	(447, 5, 16, 7, 0, 'RATON DE JUGUETE PARA GATOS', '', 6000.00, '500 MG', '/Imagenes/Mascotas/Raton de jugete.jpg', 100, '2024-11-04 21:51:13'),
	(448, 5, 16, 7, 0, 'RUEDA PARA HAMSTERS', '', 3000.00, '400 MG', '/Imagenes/Mascotas/Rueda azul.jpg', 100, '2024-11-04 21:51:13'),
	(449, 5, 16, 7, 0, 'HUESO DE JUGUETE', '', 1300.00, '400 MG', '/Imagenes/Mascotas/Ueso de Jugete.jpg', 100, '2024-11-04 21:51:13');

-- Volcando estructura para tabla proyecto2.proveedor
CREATE TABLE IF NOT EXISTS `proveedor` (
  `id` int(11) NOT NULL,
  `cedula_juridica` varchar(20) NOT NULL,
  `correo` varchar(100) NOT NULL,
  `telefono` varchar(15) NOT NULL,
  `nombre` varchar(100) NOT NULL,
  PRIMARY KEY (`id`)
) ENGINE=InnoDB DEFAULT CHARSET=utf8mb4 COLLATE=utf8mb4_general_ci;

-- Volcando datos para la tabla proyecto2.proveedor: ~21 rows (aproximadamente)
INSERT INTO `proveedor` (`id`, `cedula_juridica`, `correo`, `telefono`, `nombre`) VALUES
	(0, '0', '0', '0', 'A'),
	(1, '45334', 'MAZECA@GMAIL.COM', '67433', 'MAZECA'),
	(2, '209760543', 'Bottega@GMAIL.COM', '65647843', 'Bottega'),
	(3, '207650123', 'Fifco@GMAIL.COM', '23546798', 'Fifco'),
	(4, '30987243', 'CocaCola@GMAIL.COM', '89076543', 'CocaCola'),
	(5, '209870123', 'Pepsi@GMAIL.COM', '89890032', 'Pepsi'),
	(6, '409780645', 'Purina@GMAIL.COM', '66559890', 'Purina'),
	(7, '204560123', 'Petshop@GMAIL.COM', '88993344', 'Petshop'),
	(8, '206540987', 'Tosty@GMAIL.COM', '67322387', 'Tosty'),
	(9, '118470756', 'Numar@GMAIL.COM', '85640923', 'Numar'),
	(10, '50970534', 'Pipasa@GMAIL.COM', '69439009', 'Pipasa'),
	(11, '205670543', 'Mareto@GMAIL.COM', '89122109', 'Mareto'),
	(12, '304580776', 'laYunta@GMAIL.COM', '80769890', 'laYunta'),
	(13, '307540435', 'DonCristobal@GMAIL.COM', '82540190', 'DonCristobal'),
	(14, '404530656', 'EmbustidosLaFamilia@GMAIL.COM', '63546790', 'EmbustidosLaFamilia'),
	(15, '205400876', 'Bimbo@GMAIL.COM', '86540909', 'Bimbo'),
	(16, '403420346', 'Ippo@GMAIL.COM', '81102345', 'Ippo'),
	(17, '603450345', 'Lavanda@GMAIL.COM', '69873456', 'Lavanda'),
	(18, '704560456', 'SuperMax@GMAIL.COM', '84304267', 'SuperMax'),
	(19, '205640678', 'Enlatados@GMAIL.COM', '67534890', 'Enlatados'),
	(20, '304560657', 'Arroces@GMAIL.COM', '89423156', 'Arroces');

-- Volcando estructura para tabla proyecto2.roles
CREATE TABLE IF NOT EXISTS `roles` (
  `id_rol` int(11) NOT NULL AUTO_INCREMENT,
  `nombre_rol` varchar(50) NOT NULL,
  PRIMARY KEY (`id_rol`)
) ENGINE=InnoDB AUTO_INCREMENT=3 DEFAULT CHARSET=utf8mb4 COLLATE=utf8mb4_general_ci;

-- Volcando datos para la tabla proyecto2.roles: ~2 rows (aproximadamente)
INSERT INTO `roles` (`id_rol`, `nombre_rol`) VALUES
	(1, 'Administrador'),
	(2, 'Cliente');

-- Volcando estructura para tabla proyecto2.subcategorias
CREATE TABLE IF NOT EXISTS `subcategorias` (
  `id_subcategoria` int(11) NOT NULL AUTO_INCREMENT,
  `id_categoria` int(11) DEFAULT NULL,
  `nombre_subcategoria` varchar(50) DEFAULT NULL,
  PRIMARY KEY (`id_subcategoria`)
) ENGINE=InnoDB AUTO_INCREMENT=25 DEFAULT CHARSET=utf8mb4 COLLATE=utf8mb4_general_ci;

-- Volcando datos para la tabla proyecto2.subcategorias: ~24 rows (aproximadamente)
INSERT INTO `subcategorias` (`id_subcategoria`, `id_categoria`, `nombre_subcategoria`) VALUES
	(1, 1, 'Cervezas'),
	(2, 1, 'Licores'),
	(3, 1, 'Vinos'),
	(4, 1, 'Jugos'),
	(5, 1, 'Gaseosas'),
	(6, 1, 'Energizantes'),
	(7, 2, 'Granos y Pastas'),
	(8, 2, 'Aceites y Grasas'),
	(9, 2, 'Botanas'),
	(10, 2, 'Enlatados'),
	(11, 3, 'Detergentes'),
	(12, 3, 'Lava Platos'),
	(13, 3, 'Desifectantes y Limpiadores'),
	(14, 3, 'Accesorios'),
	(15, 4, 'Alimentos_Mascotas'),
	(16, 4, 'Accesorios_Mascotas'),
	(17, 4, 'Limpieza_Mascotas'),
	(18, 5, 'Pollo'),
	(19, 5, 'Cerdo'),
	(20, 5, 'Res'),
	(21, 5, 'Mariscos'),
	(22, 5, 'Frutas'),
	(23, 5, 'Verduras'),
	(24, 5, 'Embutidos');

/*!40103 SET TIME_ZONE=IFNULL(@OLD_TIME_ZONE, 'system') */;
/*!40101 SET SQL_MODE=IFNULL(@OLD_SQL_MODE, '') */;
/*!40014 SET FOREIGN_KEY_CHECKS=IFNULL(@OLD_FOREIGN_KEY_CHECKS, 1) */;
/*!40101 SET CHARACTER_SET_CLIENT=@OLD_CHARACTER_SET_CLIENT */;
/*!40111 SET SQL_NOTES=IFNULL(@OLD_SQL_NOTES, 1) */;
